2026.09.02 08:32:39 INFO  Started: Metals version 1.6.7 in folders '/home/pablo/Documents/UOC/Software development/Semester 5/Software Architecture/PR2/UOC-Spring-2026/spring-2026/scala-course, /home/pablo/Documents/Dev/exercism/scala/house, /home/pablo/Documents/Dev/exercism/scala/hamming, /home/pablo/Documents/Dev/exercism/scala/bob, /home/pablo/Documents/Dev/exercism/scala/grade-school, /home/pablo/Documents/Dev/Scala/FPScala, /home/pablo/Documents/Dev/Scala/RockTheJVM/scala-3-advanced' for client emacs GNU Emacs 30.2 (build 1, x86_64-pc-linux-gnu, GTK+ Version 3.24.52, cairo version 1.18.4).[0m
2026.09.02 08:32:39 INFO  Memory monitor started[0m
2026.09.02 08:32:39 WARN  Using H2 2.4.240 which is newer than the version Flyway has been verified with. The latest verified version of H2 is 2.3.232.[0m
2026.09.02 08:32:39 INFO  no build target found for /home/pablo/Documents/UOC/Software development/Semester 5/Software Architecture/PR2/UOC-Spring-2026/spring-2026/scala-course/modules/course/src/main/scala/edu/uoc/epcsd/course/infrastructure/repository/DoobieRepositories.scala. Using presentation compiler with project's scala-library version: 3.3.7[0m
2026.09.02 08:32:41 INFO  no build target found for /home/pablo/Documents/UOC/Software development/Semester 5/Software Architecture/PR2/UOC-Spring-2026/spring-2026/scala-course/modules/course/src/main/scala/edu/uoc/epcsd/course/infrastructure/repository/DoobieRepositories.scala. Using presentation compiler with project's scala-library version: 3.3.7[0m
Sep 02, 2026 8:32:41 AM org.eclipse.lsp4j.jsonrpc.RemoteEndpoint handleCancellation
WARNING: Unmatched cancel notification for request id 3
2026.09.02 08:32:41 INFO  no build target found for /home/pablo/Documents/UOC/Software development/Semester 5/Software Architecture/PR2/UOC-Spring-2026/spring-2026/scala-course/modules/course/src/main/scala/edu/uoc/epcsd/course/infrastructure/repository/DoobieRepositories.scala. Using presentation compiler with project's scala-library version: 3.3.7[0m
2026.09.02 08:32:41 INFO  no build target found for /home/pablo/Documents/UOC/Software development/Semester 5/Software Architecture/PR2/UOC-Spring-2026/spring-2026/scala-course/modules/course/src/main/scala/edu/uoc/epcsd/course/infrastructure/repository/DoobieRepositories.scala. Using presentation compiler with project's scala-library version: 3.3.7[0m
Sep 02, 2026 8:32:41 AM org.eclipse.lsp4j.jsonrpc.RemoteEndpoint handleCancellation
WARNING: Unmatched cancel notification for request id 6
2026.09.02 08:32:41 WARN  Using H2 2.4.240 which is newer than the version Flyway has been verified with. The latest verified version of H2 is 2.3.232.[0m
2026.09.02 08:32:41 WARN  Using H2 2.4.240 which is newer than the version Flyway has been verified with. The latest verified version of H2 is 2.3.232.[0m
2026.09.02 08:32:41 WARN  Using H2 2.4.240 which is newer than the version Flyway has been verified with. The latest verified version of H2 is 2.3.232.[0m
2026.09.02 08:32:41 WARN  Using H2 2.4.240 which is newer than the version Flyway has been verified with. The latest verified version of H2 is 2.3.232.[0m
2026.09.02 08:32:41 WARN  Using H2 2.4.240 which is newer than the version Flyway has been verified with. The latest verified version of H2 is 2.3.232.[0m
2026.09.02 08:32:41 WARN  Using H2 2.4.240 which is newer than the version Flyway has been verified with. The latest verified version of H2 is 2.3.232.[0m
2026.09.02 08:32:41 INFO  Attempting to connect to the build server...[0m
2026.09.02 08:32:41 INFO  Attempting to connect to the build server...[0m
2026.09.02 08:32:41 INFO  Attempting to connect to the build server...[0m
2026.09.02 08:32:41 INFO  Attempting to connect to the build server...[0m
2026.09.02 08:32:41 INFO  No running Bloop server found, starting one.[0m
2026.09.02 08:32:41 INFO  No running Bloop server found, starting one.[0m
2026.09.02 08:32:41 INFO  No running Bloop server found, starting one.[0m
2026.09.02 08:32:41 INFO  No running Bloop server found, starting one.[0m
2026.09.02 08:32:41 INFO  Attempting to connect to the build server...[0m
2026.09.02 08:32:41 INFO  No running Bloop server found, starting one.[0m
2026.09.02 08:32:41 INFO  Starting compilation server[0m
2026.09.02 08:32:42 INFO  Starting compilation server[0m
2026.09.02 08:32:41 INFO  Starting compilation server[0m
2026.09.02 08:32:41 INFO  Starting compilation server[0m
2026.09.02 08:32:42 INFO  Starting compilation server[0m
2026.09.02 08:32:43 INFO  tracing is disabled for protocol BSP, to enable tracing of incoming and outgoing JSON messages create an empty file at /home/pablo/Documents/Dev/Scala/FPScala/.metals/bsp.trace.json or /home/pablo/.cache/metals/bsp.trace.json[0m
2026.09.02 08:32:43 INFO  tracing is disabled for protocol BSP, to enable tracing of incoming and outgoing JSON messages create an empty file at /home/pablo/Documents/Dev/exercism/scala/house/.metals/bsp.trace.json or /home/pablo/.cache/metals/bsp.trace.json[0m
2026.09.02 08:32:43 INFO  tracing is disabled for protocol BSP, to enable tracing of incoming and outgoing JSON messages create an empty file at /home/pablo/Documents/Dev/exercism/scala/grade-school/.metals/bsp.trace.json or /home/pablo/.cache/metals/bsp.trace.json[0m
2026.09.02 08:32:43 INFO  tracing is disabled for protocol BSP, to enable tracing of incoming and outgoing JSON messages create an empty file at /home/pablo/Documents/Dev/exercism/scala/hamming/.metals/bsp.trace.json or /home/pablo/.cache/metals/bsp.trace.json[0m
2026.09.02 08:32:43 INFO  tracing is disabled for protocol BSP, to enable tracing of incoming and outgoing JSON messages create an empty file at /home/pablo/Documents/Dev/Scala/RockTheJVM/scala-3-advanced/.metals/bsp.trace.json or /home/pablo/.cache/metals/bsp.trace.json[0m
2026.09.02 08:32:43 INFO  Attempting to connect to the build server...[0m
2026.09.02 08:32:43 INFO  Found a Bloop server running[0m
2026.09.02 08:32:44 INFO  tracing is disabled for protocol BSP, to enable tracing of incoming and outgoing JSON messages create an empty file at /home/pablo/Documents/Dev/Scala/RockTheJVM/scala-3-advanced/project/.metals/bsp.trace.json or /home/pablo/.cache/metals/bsp.trace.json[0m
2026.09.02 08:32:43 INFO  Attempting to connect to the build server...[0m
2026.09.02 08:32:43 INFO  Attempting to connect to the build server...[0m
2026.09.02 08:32:43 INFO  Attempting to connect to the build server...[0m
2026.09.02 08:32:43 INFO  Found a Bloop server running[0m
2026.09.02 08:32:43 INFO  Found a Bloop server running[0m
2026.09.02 08:32:43 INFO  Found a Bloop server running[0m
2026.09.02 08:32:43 INFO  time: Connected to build server in 2.38s[0m
2026.09.02 08:32:44 INFO  Connected to Build server: Bloop v2.0.19[0m
2026.09.02 08:32:43 INFO  Attempting to connect to the build server...[0m
2026.09.02 08:32:43 INFO  Found a Bloop server running[0m
2026.09.02 08:32:43 INFO  tracing is disabled for protocol BSP, to enable tracing of incoming and outgoing JSON messages create an empty file at /home/pablo/Documents/Dev/exercism/scala/grade-school/project/.metals/bsp.trace.json or /home/pablo/.cache/metals/bsp.trace.json[0m
2026.09.02 08:32:43 INFO  tracing is disabled for protocol BSP, to enable tracing of incoming and outgoing JSON messages create an empty file at /home/pablo/Documents/Dev/exercism/scala/hamming/project/.metals/bsp.trace.json or /home/pablo/.cache/metals/bsp.trace.json[0m
2026.09.02 08:32:44 INFO  tracing is disabled for protocol BSP, to enable tracing of incoming and outgoing JSON messages create an empty file at /home/pablo/Documents/Dev/exercism/scala/house/project/.metals/bsp.trace.json or /home/pablo/.cache/metals/bsp.trace.json[0m
2026.09.02 08:32:43 INFO  tracing is disabled for protocol BSP, to enable tracing of incoming and outgoing JSON messages create an empty file at /home/pablo/Documents/Dev/Scala/FPScala/project/.metals/bsp.trace.json or /home/pablo/.cache/metals/bsp.trace.json[0m
2026.09.02 08:32:44 INFO  time: Connected to build server in 2.54s[0m
2026.09.02 08:32:44 INFO  time: Connected to build server in 2.54s[0m
2026.09.02 08:32:44 INFO  Connected to Build server: Bloop v2.0.19[0m
2026.09.02 08:32:44 INFO  time: Connected to build server in 2.51s[0m
2026.09.02 08:32:43 INFO  Connected to Build server: Bloop v2.0.19[0m
2026.09.02 08:32:43 INFO  Connected to Build server: Bloop v2.0.19[0m
2026.09.02 08:32:44 INFO  time: Connected to build server in 2.51s[0m
2026.09.02 08:32:44 INFO  Connected to Build server: Bloop v2.0.19[0m
2026.09.02 08:32:44 INFO  Empty build targets. Expected at least one build target identifier. (full report at: "/home/pablo/Documents/Dev/Scala/FPScala/.metals/.reports/bloop/2026-08-26/r_Empty build targets...._18-03-07-146.md")[0m
2026.09.02 08:32:44 INFO  Empty build targets. Expected at least one build target identifier. (full report at: "/home/pablo/Documents/Dev/Scala/FPScala/.metals/.reports/bloop/2026-08-26/r_Empty build targets...._18-03-07-146.md")[0m
2026.09.02 08:32:44 INFO  Empty build targets. Expected at least one build target identifier. (full report at: "/home/pablo/Documents/Dev/Scala/FPScala/.metals/.reports/bloop/2026-08-26/r_Empty build targets...._18-03-07-146.md")[0m
2026.09.02 08:32:44 INFO  Empty build targets. Expected at least one build target identifier. (full report at: "/home/pablo/Documents/Dev/Scala/FPScala/.metals/.reports/bloop/2026-08-26/r_Empty build targets...._18-03-07-146.md")[0m
2026.09.02 08:32:44 INFO  Empty build targets. Expected at least one build target identifier. (full report at: "/home/pablo/Documents/Dev/Scala/FPScala/.metals/.reports/bloop/2026-08-26/r_Empty build targets...._18-03-07-146.md")[0m
2026.09.02 08:32:44 WARN  3.3.3 is no longer supported in the current Metals versions, using the last known supported version 1.5.1[0m
2026.09.02 08:32:49 WARN  Using H2 2.4.240 which is newer than the version Flyway has been verified with. The latest verified version of H2 is 2.3.232.[0m
2026.09.02 08:32:49 WARN  Using H2 2.4.240 which is newer than the version Flyway has been verified with. The latest verified version of H2 is 2.3.232.[0m
2026.09.02 08:32:49 WARN  Using H2 2.4.240 which is newer than the version Flyway has been verified with. The latest verified version of H2 is 2.3.232.[0m
2026.09.02 08:32:49 WARN  Using H2 2.4.240 which is newer than the version Flyway has been verified with. The latest verified version of H2 is 2.3.232.[0m
2026.09.02 08:32:49 WARN  Using H2 2.4.240 which is newer than the version Flyway has been verified with. The latest verified version of H2 is 2.3.232.[0m
2026.09.02 08:32:49 INFO  time: indexed workspace in 5.37s[0m
2026.09.02 08:32:49 WARN  no build target for: /home/pablo/Documents/UOC/Software development/Semester 5/Software Architecture/PR2/UOC-Spring-2026/spring-2026/scala-course/modules/course/src/main/scala/edu/uoc/epcsd/course/infrastructure/repository/DoobieRepositories.scala[0m
2026.09.02 08:32:49 INFO  time: indexed workspace in 5.95s[0m
2026.09.02 08:32:49 INFO  time: indexed workspace in 5.84s[0m
2026.09.02 08:32:50 WARN  no build target for: /home/pablo/Documents/UOC/Software development/Semester 5/Software Architecture/PR2/UOC-Spring-2026/spring-2026/scala-course/modules/course/src/main/scala/edu/uoc/epcsd/course/infrastructure/repository/DoobieRepositories.scala[0m
2026.09.02 08:32:49 INFO  time: indexed workspace in 5.84s[0m
2026.09.02 08:32:49 INFO  time: indexed workspace in 5.84s[0m
2026.09.02 08:32:50 WARN  no build target for: /home/pablo/Documents/UOC/Software development/Semester 5/Software Architecture/PR2/UOC-Spring-2026/spring-2026/scala-course/modules/course/src/main/scala/edu/uoc/epcsd/course/infrastructure/repository/DoobieRepositories.scala[0m
2026.09.02 08:32:50 WARN  no build target for: /home/pablo/Documents/UOC/Software development/Semester 5/Software Architecture/PR2/UOC-Spring-2026/spring-2026/scala-course/modules/course/src/main/scala/edu/uoc/epcsd/course/infrastructure/repository/DoobieRepositories.scala[0m
2026.09.02 08:32:49 WARN  no build target for: /home/pablo/Documents/UOC/Software development/Semester 5/Software Architecture/PR2/UOC-Spring-2026/spring-2026/scala-course/modules/course/src/main/scala/edu/uoc/epcsd/course/infrastructure/repository/DoobieRepositories.scala[0m
2026.09.02 08:33:09 WARN  no build target for: /home/pablo/Documents/UOC/Software development/Semester 5/Software Architecture/PR2/UOC-Spring-2026/spring-2026/scala-course/modules/course/src/main/scala/edu/uoc/epcsd/course/infrastructure/repository/DoobieRepositories.scala[0m
2026.09.02 08:33:09 INFO  no build target found for /home/pablo/Documents/UOC/Software development/Semester 5/Software Architecture/PR2/UOC-Spring-2026/spring-2026/scala-course/modules/course/src/main/scala/edu/uoc/epcsd/course/infrastructure/repository/DoobieRepositories.scala. Using presentation compiler with project's scala-library version: 3.3.7[0m
2026.09.02 08:33:26 INFO  no build target found for /home/pablo/Documents/UOC/Software development/Semester 5/Software Architecture/PR2/UOC-Spring-2026/spring-2026/scala-course/modules/course/src/main/scala/edu/uoc/epcsd/course/infrastructure/repository/DoobieRepositories.scala. Using presentation compiler with project's scala-library version: 3.3.7[0m
2026.09.02 08:33:37 INFO  no build target found for /home/pablo/Documents/UOC/Software development/Semester 5/Software Architecture/PR2/UOC-Spring-2026/spring-2026/scala-course/modules/course/src/main/scala/edu/uoc/epcsd/course/infrastructure/repository/DoobieRepositories.scala. Using presentation compiler with project's scala-library version: 3.3.7[0m
2026.09.02 08:33:37 INFO  no build target found for /home/pablo/Documents/UOC/Software development/Semester 5/Software Architecture/PR2/UOC-Spring-2026/spring-2026/scala-course/modules/course/src/main/scala/edu/uoc/epcsd/course/infrastructure/repository/DoobieRepositories.scala. Using presentation compiler with project's scala-library version: 3.3.7[0m
2026.09.02 08:33:37 INFO  no build target found for /home/pablo/Documents/UOC/Software development/Semester 5/Software Architecture/PR2/UOC-Spring-2026/spring-2026/scala-course/modules/course/src/main/scala/edu/uoc/epcsd/course/infrastructure/repository/DoobieRepositories.scala. Using presentation compiler with project's scala-library version: 3.3.7[0m
2026.09.02 08:33:37 INFO  no build target found for /home/pablo/Documents/UOC/Software development/Semester 5/Software Architecture/PR2/UOC-Spring-2026/spring-2026/scala-course/modules/course/src/main/scala/edu/uoc/epcsd/course/infrastructure/repository/DoobieRepositories.scala. Using presentation compiler with project's scala-library version: 3.3.7[0m
2026.09.02 08:33:39 INFO  no build target found for /home/pablo/Documents/UOC/Software development/Semester 5/Software Architecture/PR2/UOC-Spring-2026/spring-2026/scala-course/modules/course/src/main/scala/edu/uoc/epcsd/course/infrastructure/repository/DoobieRepositories.scala. Using presentation compiler with project's scala-library version: 3.3.7[0m
2026.09.02 08:33:39 INFO  no build target found for /home/pablo/Documents/UOC/Software development/Semester 5/Software Architecture/PR2/UOC-Spring-2026/spring-2026/scala-course/modules/course/src/main/scala/edu/uoc/epcsd/course/infrastructure/repository/DoobieRepositories.scala. Using presentation compiler with project's scala-library version: 3.3.7[0m
2026.09.02 08:33:41 INFO  no build target found for /home/pablo/Documents/UOC/Software development/Semester 5/Software Architecture/PR2/UOC-Spring-2026/spring-2026/scala-course/modules/course/src/main/scala/edu/uoc/epcsd/course/infrastructure/repository/DoobieRepositories.scala. Using presentation compiler with project's scala-library version: 3.3.7[0m
2026.09.02 08:34:04 INFO  no build target found for /home/pablo/Documents/UOC/Software development/Semester 5/Software Architecture/PR2/UOC-Spring-2026/spring-2026/scala-course/modules/course/src/main/scala/edu/uoc/epcsd/course/infrastructure/repository/DoobieRepositories.scala. Using presentation compiler with project's scala-library version: 3.3.7[0m
2026.09.02 08:34:08 INFO  no build target found for /home/pablo/Documents/UOC/Software development/Semester 5/Software Architecture/PR2/UOC-Spring-2026/spring-2026/scala-course/modules/course/src/main/scala/edu/uoc/epcsd/course/infrastructure/repository/DoobieRepositories.scala. Using presentation compiler with project's scala-library version: 3.3.7[0m
2026.09.02 08:34:08 INFO  no build target found for /home/pablo/Documents/UOC/Software development/Semester 5/Software Architecture/PR2/UOC-Spring-2026/spring-2026/scala-course/modules/course/src/main/scala/edu/uoc/epcsd/course/infrastructure/repository/DoobieRepositories.scala. Using presentation compiler with project's scala-library version: 3.3.7[0m
2026.09.02 08:34:11 INFO  no build target found for /home/pablo/Documents/UOC/Software development/Semester 5/Software Architecture/PR2/UOC-Spring-2026/spring-2026/scala-course/modules/course/src/main/scala/edu/uoc/epcsd/course/infrastructure/repository/DoobieRepositories.scala. Using presentation compiler with project's scala-library version: 3.3.7[0m
2026.09.02 08:34:21 INFO  no build target found for /home/pablo/Documents/UOC/Software development/Semester 5/Software Architecture/PR2/UOC-Spring-2026/spring-2026/scala-course/modules/course/src/main/scala/edu/uoc/epcsd/course/infrastructure/repository/DoobieRepositories.scala. Using presentation compiler with project's scala-library version: 3.3.7[0m
2026.09.02 08:34:22 INFO  no build target found for /home/pablo/Documents/UOC/Software development/Semester 5/Software Architecture/PR2/UOC-Spring-2026/spring-2026/scala-course/modules/course/src/main/scala/edu/uoc/epcsd/course/infrastructure/repository/DoobieRepositories.scala. Using presentation compiler with project's scala-library version: 3.3.7[0m
2026.09.02 08:34:24 INFO  no build target found for /home/pablo/Documents/UOC/Software development/Semester 5/Software Architecture/PR2/UOC-Spring-2026/spring-2026/scala-course/modules/course/src/main/scala/edu/uoc/epcsd/course/infrastructure/repository/DoobieRepositories.scala. Using presentation compiler with project's scala-library version: 3.3.7[0m
2026.09.02 08:34:24 INFO  no build target found for /home/pablo/Documents/UOC/Software development/Semester 5/Software Architecture/PR2/UOC-Spring-2026/spring-2026/scala-course/modules/course/src/main/scala/edu/uoc/epcsd/course/infrastructure/repository/DoobieRepositories.scala. Using presentation compiler with project's scala-library version: 3.3.7[0m
2026.09.02 08:34:33 INFO  no build target found for /home/pablo/Documents/UOC/Software development/Semester 5/Software Architecture/PR2/UOC-Spring-2026/spring-2026/scala-course/modules/course/src/main/scala/edu/uoc/epcsd/course/infrastructure/repository/DoobieRepositories.scala. Using presentation compiler with project's scala-library version: 3.3.7[0m
2026.09.02 08:34:33 INFO  no build target found for /home/pablo/Documents/UOC/Software development/Semester 5/Software Architecture/PR2/UOC-Spring-2026/spring-2026/scala-course/modules/course/src/main/scala/edu/uoc/epcsd/course/infrastructure/repository/DoobieRepositories.scala. Using presentation compiler with project's scala-library version: 3.3.7[0m
2026.09.02 08:34:33 INFO  no build target found for /home/pablo/Documents/UOC/Software development/Semester 5/Software Architecture/PR2/UOC-Spring-2026/spring-2026/scala-course/modules/course/src/main/scala/edu/uoc/epcsd/course/infrastructure/repository/DoobieRepositories.scala. Using presentation compiler with project's scala-library version: 3.3.7[0m
2026.09.02 08:35:07 INFO  no build target found for /home/pablo/Documents/UOC/Software development/Semester 5/Software Architecture/PR2/UOC-Spring-2026/spring-2026/scala-course/modules/course/src/main/scala/edu/uoc/epcsd/course/infrastructure/repository/DoobieRepositories.scala. Using presentation compiler with project's scala-library version: 3.3.7[0m
2026.09.02 08:35:07 INFO  no build target found for /home/pablo/Documents/UOC/Software development/Semester 5/Software Architecture/PR2/UOC-Spring-2026/spring-2026/scala-course/modules/course/src/main/scala/edu/uoc/epcsd/course/infrastructure/repository/DoobieRepositories.scala. Using presentation compiler with project's scala-library version: 3.3.7[0m
2026.09.02 08:35:07 INFO  no build target found for /home/pablo/Documents/UOC/Software development/Semester 5/Software Architecture/PR2/UOC-Spring-2026/spring-2026/scala-course/modules/course/src/main/scala/edu/uoc/epcsd/course/infrastructure/repository/DoobieRepositories.scala. Using presentation compiler with project's scala-library version: 3.3.7[0m
2026.09.02 08:35:19 INFO  no build target found for /home/pablo/Documents/UOC/Software development/Semester 5/Software Architecture/PR2/UOC-Spring-2026/spring-2026/scala-course/modules/course/src/main/scala/edu/uoc/epcsd/course/infrastructure/repository/DoobieRepositories.scala. Using presentation compiler with project's scala-library version: 3.3.7[0m
2026.09.02 08:35:19 INFO  no build target found for /home/pablo/Documents/UOC/Software development/Semester 5/Software Architecture/PR2/UOC-Spring-2026/spring-2026/scala-course/modules/course/src/main/scala/edu/uoc/epcsd/course/infrastructure/repository/DoobieRepositories.scala. Using presentation compiler with project's scala-library version: 3.3.7[0m
2026.09.02 08:35:43 INFO  no build target found for /home/pablo/Documents/UOC/Software development/Semester 5/Software Architecture/PR2/UOC-Spring-2026/spring-2026/scala-course/project/Dependencies.scala. Using presentation compiler with project's scala-library version: 3.3.7[0m
2026.09.02 08:35:43 WARN  no build target for: /home/pablo/Documents/UOC/Software development/Semester 5/Software Architecture/PR2/UOC-Spring-2026/spring-2026/scala-course/project/Dependencies.scala[0m
2026.09.02 08:35:43 INFO  no build target found for /home/pablo/Documents/UOC/Software development/Semester 5/Software Architecture/PR2/UOC-Spring-2026/spring-2026/scala-course/project/Dependencies.scala. Using presentation compiler with project's scala-library version: 3.3.7[0m
2026.09.02 08:35:43 INFO  no build target found for /home/pablo/Documents/UOC/Software development/Semester 5/Software Architecture/PR2/UOC-Spring-2026/spring-2026/scala-course/project/Dependencies.scala. Using presentation compiler with project's scala-library version: 3.3.7[0m
2026.09.02 08:35:43 INFO  no build target found for /home/pablo/Documents/UOC/Software development/Semester 5/Software Architecture/PR2/UOC-Spring-2026/spring-2026/scala-course/project/Dependencies.scala. Using presentation compiler with project's scala-library version: 3.3.7[0m
2026.09.02 08:35:45 INFO  no build target found for /home/pablo/Documents/UOC/Software development/Semester 5/Software Architecture/PR2/UOC-Spring-2026/spring-2026/scala-course/project/Dependencies.scala. Using presentation compiler with project's scala-library version: 3.3.7[0m
2026.09.02 08:35:47 INFO  no build target found for /home/pablo/Documents/UOC/Software development/Semester 5/Software Architecture/PR2/UOC-Spring-2026/spring-2026/scala-course/project/Dependencies.scala. Using presentation compiler with project's scala-library version: 3.3.7[0m
2026.09.02 08:35:47 INFO  no build target found for /home/pablo/Documents/UOC/Software development/Semester 5/Software Architecture/PR2/UOC-Spring-2026/spring-2026/scala-course/project/Dependencies.scala. Using presentation compiler with project's scala-library version: 3.3.7[0m
2026.09.02 08:35:47 INFO  no build target found for /home/pablo/Documents/UOC/Software development/Semester 5/Software Architecture/PR2/UOC-Spring-2026/spring-2026/scala-course/project/Dependencies.scala. Using presentation compiler with project's scala-library version: 3.3.7[0m
2026.09.02 08:35:49 INFO  no build target found for /home/pablo/Documents/UOC/Software development/Semester 5/Software Architecture/PR2/UOC-Spring-2026/spring-2026/scala-course/project/Dependencies.scala. Using presentation compiler with project's scala-library version: 3.3.7[0m
2026.09.02 08:35:49 INFO  no build target found for /home/pablo/Documents/UOC/Software development/Semester 5/Software Architecture/PR2/UOC-Spring-2026/spring-2026/scala-course/project/Dependencies.scala. Using presentation compiler with project's scala-library version: 3.3.7[0m
2026.09.02 08:35:52 INFO  no build target found for /home/pablo/Documents/UOC/Software development/Semester 5/Software Architecture/PR2/UOC-Spring-2026/spring-2026/scala-course/project/Dependencies.scala. Using presentation compiler with project's scala-library version: 3.3.7[0m
2026.09.02 08:35:52 INFO  no build target found for /home/pablo/Documents/UOC/Software development/Semester 5/Software Architecture/PR2/UOC-Spring-2026/spring-2026/scala-course/project/Dependencies.scala. Using presentation compiler with project's scala-library version: 3.3.7[0m
2026.09.02 08:35:52 INFO  no build target found for /home/pablo/Documents/UOC/Software development/Semester 5/Software Architecture/PR2/UOC-Spring-2026/spring-2026/scala-course/project/Dependencies.scala. Using presentation compiler with project's scala-library version: 3.3.7[0m
2026.09.02 08:35:52 INFO  no build target found for /home/pablo/Documents/UOC/Software development/Semester 5/Software Architecture/PR2/UOC-Spring-2026/spring-2026/scala-course/project/Dependencies.scala. Using presentation compiler with project's scala-library version: 3.3.7[0m
Sep 02, 2026 8:35:52 AM org.eclipse.lsp4j.jsonrpc.RemoteEndpoint handleCancellation
WARNING: Unmatched cancel notification for request id 55
2026.09.02 08:35:52 INFO  no build target found for /home/pablo/Documents/UOC/Software development/Semester 5/Software Architecture/PR2/UOC-Spring-2026/spring-2026/scala-course/project/Dependencies.scala. Using presentation compiler with project's scala-library version: 3.3.7[0m
2026.09.02 08:35:52 INFO  no build target found for /home/pablo/Documents/UOC/Software development/Semester 5/Software Architecture/PR2/UOC-Spring-2026/spring-2026/scala-course/project/Dependencies.scala. Using presentation compiler with project's scala-library version: 3.3.7[0m
2026.09.02 08:35:52 INFO  no build target found for /home/pablo/Documents/UOC/Software development/Semester 5/Software Architecture/PR2/UOC-Spring-2026/spring-2026/scala-course/project/Dependencies.scala. Using presentation compiler with project's scala-library version: 3.3.7[0m
2026.09.02 08:35:55 INFO  no build target found for /home/pablo/Documents/UOC/Software development/Semester 5/Software Architecture/PR2/UOC-Spring-2026/spring-2026/scala-course/project/Dependencies.scala. Using presentation compiler with project's scala-library version: 3.3.7[0m
2026.09.02 08:35:55 INFO  no build target found for /home/pablo/Documents/UOC/Software development/Semester 5/Software Architecture/PR2/UOC-Spring-2026/spring-2026/scala-course/project/Dependencies.scala. Using presentation compiler with project's scala-library version: 3.3.7[0m
2026.09.02 08:35:55 INFO  no build target found for /home/pablo/Documents/UOC/Software development/Semester 5/Software Architecture/PR2/UOC-Spring-2026/spring-2026/scala-course/project/Dependencies.scala. Using presentation compiler with project's scala-library version: 3.3.7[0m
2026.09.02 08:35:55 INFO  no build target found for /home/pablo/Documents/UOC/Software development/Semester 5/Software Architecture/PR2/UOC-Spring-2026/spring-2026/scala-course/project/Dependencies.scala. Using presentation compiler with project's scala-library version: 3.3.7[0m
2026.09.02 08:35:55 INFO  no build target found for /home/pablo/Documents/UOC/Software development/Semester 5/Software Architecture/PR2/UOC-Spring-2026/spring-2026/scala-course/project/Dependencies.scala. Using presentation compiler with project's scala-library version: 3.3.7[0m
2026.09.02 08:35:55 INFO  no build target found for /home/pablo/Documents/UOC/Software development/Semester 5/Software Architecture/PR2/UOC-Spring-2026/spring-2026/scala-course/project/Dependencies.scala. Using presentation compiler with project's scala-library version: 3.3.7[0m
Sep 02, 2026 8:35:55 AM org.eclipse.lsp4j.jsonrpc.RemoteEndpoint handleCancellation
WARNING: Unmatched cancel notification for request id 63
2026.09.02 08:35:55 INFO  no build target found for /home/pablo/Documents/UOC/Software development/Semester 5/Software Architecture/PR2/UOC-Spring-2026/spring-2026/scala-course/project/Dependencies.scala. Using presentation compiler with project's scala-library version: 3.3.7[0m
2026.09.02 08:35:57 INFO  no build target found for /home/pablo/Documents/UOC/Software development/Semester 5/Software Architecture/PR2/UOC-Spring-2026/spring-2026/scala-course/project/Dependencies.scala. Using presentation compiler with project's scala-library version: 3.3.7[0m
2026.09.02 08:35:57 INFO  no build target found for /home/pablo/Documents/UOC/Software development/Semester 5/Software Architecture/PR2/UOC-Spring-2026/spring-2026/scala-course/project/Dependencies.scala. Using presentation compiler with project's scala-library version: 3.3.7[0m
2026.09.02 08:35:57 INFO  no build target found for /home/pablo/Documents/UOC/Software development/Semester 5/Software Architecture/PR2/UOC-Spring-2026/spring-2026/scala-course/project/Dependencies.scala. Using presentation compiler with project's scala-library version: 3.3.7[0m
2026.09.02 08:35:57 INFO  no build target found for /home/pablo/Documents/UOC/Software development/Semester 5/Software Architecture/PR2/UOC-Spring-2026/spring-2026/scala-course/project/Dependencies.scala. Using presentation compiler with project's scala-library version: 3.3.7[0m
2026.09.02 08:35:57 INFO  no build target found for /home/pablo/Documents/UOC/Software development/Semester 5/Software Architecture/PR2/UOC-Spring-2026/spring-2026/scala-course/project/Dependencies.scala. Using presentation compiler with project's scala-library version: 3.3.7[0m
2026.09.02 08:35:57 INFO  no build target found for /home/pablo/Documents/UOC/Software development/Semester 5/Software Architecture/PR2/UOC-Spring-2026/spring-2026/scala-course/project/Dependencies.scala. Using presentation compiler with project's scala-library version: 3.3.7[0m
Sep 02, 2026 8:35:57 AM org.eclipse.lsp4j.jsonrpc.RemoteEndpoint handleCancellation
WARNING: Unmatched cancel notification for request id 69
2026.09.02 08:35:57 INFO  no build target found for /home/pablo/Documents/UOC/Software development/Semester 5/Software Architecture/PR2/UOC-Spring-2026/spring-2026/scala-course/project/Dependencies.scala. Using presentation compiler with project's scala-library version: 3.3.7[0m
2026.09.02 08:35:58 INFO  no build target found for /home/pablo/Documents/UOC/Software development/Semester 5/Software Architecture/PR2/UOC-Spring-2026/spring-2026/scala-course/project/Dependencies.scala. Using presentation compiler with project's scala-library version: 3.3.7[0m
2026.09.02 08:35:58 INFO  no build target found for /home/pablo/Documents/UOC/Software development/Semester 5/Software Architecture/PR2/UOC-Spring-2026/spring-2026/scala-course/project/Dependencies.scala. Using presentation compiler with project's scala-library version: 3.3.7[0m
2026.09.02 08:35:58 INFO  no build target found for /home/pablo/Documents/UOC/Software development/Semester 5/Software Architecture/PR2/UOC-Spring-2026/spring-2026/scala-course/project/Dependencies.scala. Using presentation compiler with project's scala-library version: 3.3.7[0m
2026.09.02 08:35:58 INFO  no build target found for /home/pablo/Documents/UOC/Software development/Semester 5/Software Architecture/PR2/UOC-Spring-2026/spring-2026/scala-course/project/Dependencies.scala. Using presentation compiler with project's scala-library version: 3.3.7[0m
2026.09.02 08:35:58 INFO  no build target found for /home/pablo/Documents/UOC/Software development/Semester 5/Software Architecture/PR2/UOC-Spring-2026/spring-2026/scala-course/project/Dependencies.scala. Using presentation compiler with project's scala-library version: 3.3.7[0m
2026.09.02 08:35:58 INFO  no build target found for /home/pablo/Documents/UOC/Software development/Semester 5/Software Architecture/PR2/UOC-Spring-2026/spring-2026/scala-course/project/Dependencies.scala. Using presentation compiler with project's scala-library version: 3.3.7[0m
2026.09.02 08:35:58 INFO  no build target found for /home/pablo/Documents/UOC/Software development/Semester 5/Software Architecture/PR2/UOC-Spring-2026/spring-2026/scala-course/project/Dependencies.scala. Using presentation compiler with project's scala-library version: 3.3.7[0m
2026.09.02 08:35:59 WARN  no build target for: /home/pablo/Documents/UOC/Software development/Semester 5/Software Architecture/PR2/UOC-Spring-2026/spring-2026/scala-course/project/Dependencies.scala[0m
2026.09.02 08:36:07 INFO  running '/run/current-system/sw/bin/sbt -Dbloop.export-jar-classifiers=sources bloopInstall'[0m
2026.09.02 08:36:08 INFO  [info] welcome to sbt 1.12.11 (N/A Java 21.0.12)[0m
2026.09.02 08:36:09 INFO  [info] loading settings for project scala-course-build-build from metals.sbt...[0m
2026.09.02 08:36:09 INFO  [info] loading project definition from /home/pablo/Documents/UOC/Software development/Semester 5/Software Architecture/PR2/UOC-Spring-2026/spring-2026/scala-course/project/project[0m
2026.09.02 08:36:10 INFO  [info] loading settings for project scala-course-build from metals.sbt...[0m
2026.09.02 08:36:10 INFO  [info] loading project definition from /home/pablo/Documents/UOC/Software development/Semester 5/Software Architecture/PR2/UOC-Spring-2026/spring-2026/scala-course/project[0m
2026.09.02 08:36:12 INFO  [success] Generated .bloop/scala-course-build.json[0m
2026.09.02 08:36:12 INFO  [info] compiling 1 Scala source to /home/pablo/Documents/UOC/Software development/Semester 5/Software Architecture/PR2/UOC-Spring-2026/spring-2026/scala-course/project/target/scala-2.12/sbt-1.0/classes ...[0m
2026.09.02 08:36:13 INFO  [info] done compiling[0m
2026.09.02 08:36:13 INFO  [success] Total time: 4 s, completed Sep 2, 2026, 8:36:13 AM[0m
2026.09.02 08:36:13 INFO  [info] loading settings for project root from build.sbt...[0m
2026.09.02 08:36:13 INFO  [info] set current project to scala-course (in build file:/home/pablo/Documents/UOC/Software%20development/Semester%205/Software%20Architecture/PR2/UOC-Spring-2026/spring-2026/scala-course/)[0m
2026.09.02 08:36:15 INFO  no build target found for /home/pablo/Documents/UOC/Software development/Semester 5/Software Architecture/PR2/UOC-Spring-2026/spring-2026/scala-course/project/Dependencies.scala. Using presentation compiler with project's scala-library version: 3.3.7[0m
2026.09.02 08:36:16 INFO  no build target found for /home/pablo/Documents/UOC/Software development/Semester 5/Software Architecture/PR2/UOC-Spring-2026/spring-2026/scala-course/project/Dependencies.scala. Using presentation compiler with project's scala-library version: 3.3.7[0m
2026.09.02 08:36:21 INFO  [success] Generated .bloop/root.json[0m
2026.09.02 08:36:21 INFO  [success] Generated .bloop/root-test.json[0m
2026.09.02 08:36:23 INFO  [success] Generated .bloop/course-test.json[0m
2026.09.02 08:36:23 INFO  [success] Generated .bloop/course.json[0m
2026.09.02 08:36:23 INFO  [success] Total time: 8 s, completed Sep 2, 2026, 8:36:23 AM[0m
2026.09.02 08:36:23 INFO  time: ran 'sbt bloopInstall' in 16s[0m
2026.09.02 08:36:23 INFO  Attempting to connect to the build server...[0m
2026.09.02 08:36:23 INFO  Found a Bloop server running[0m
2026.09.02 08:36:23 INFO  tracing is disabled for protocol BSP, to enable tracing of incoming and outgoing JSON messages create an empty file at /home/pablo/Documents/UOC/Software development/Semester 5/Software Architecture/PR2/UOC-Spring-2026/spring-2026/scala-course/.metals/bsp.trace.json or /home/pablo/.cache/metals/bsp.trace.json[0m
2026.09.02 08:36:23 INFO  Attempting to connect to the build server...[0m
2026.09.02 08:36:23 INFO  Found a Bloop server running[0m
2026.09.02 08:36:23 INFO  tracing is disabled for protocol BSP, to enable tracing of incoming and outgoing JSON messages create an empty file at /home/pablo/Documents/UOC/Software development/Semester 5/Software Architecture/PR2/UOC-Spring-2026/spring-2026/scala-course/project/.metals/bsp.trace.json or /home/pablo/.cache/metals/bsp.trace.json[0m
2026.09.02 08:36:28 INFO  time: Connected to build server in 4.3s[0m
2026.09.02 08:36:28 INFO  Connected to Build server: Bloop v2.0.19[0m
2026.09.02 08:36:32 WARN  Using H2 2.4.240 which is newer than the version Flyway has been verified with. The latest verified version of H2 is 2.3.232.[0m
2026.09.02 08:36:35 INFO  time: indexed workspace in 7.2s[0m
2026.09.02 08:36:35 INFO  compiling scala-course-build (1 scala source)[0m
2026.09.02 08:36:35 INFO  compiling course (19 scala sources)[0m
2026.09.02 08:36:35 INFO  Non-compiled module 'compiler-bridge_2.12' for Scala 2.12.21. Compiling...[0m
2026.09.02 08:36:40 INFO  Compilation completed in 4.416s.[0m
2026.09.02 08:36:42 INFO  time: compiled scala-course-build in 6.63s[0m
2026.09.02 08:36:47 INFO  compiling course-test (5 scala sources)[0m
2026.09.02 08:36:47 INFO  time: compiled course in 12s[0m
2026.09.02 08:36:49 INFO  time: compiled course-test in 1.45s[0m
Sep 02, 2026 8:41:14 AM org.eclipse.lsp4j.jsonrpc.RemoteEndpoint handleCancellation
WARNING: Unmatched cancel notification for request id 82
Sep 02, 2026 8:42:01 AM org.eclipse.lsp4j.jsonrpc.RemoteEndpoint handleCancellation
WARNING: Unmatched cancel notification for request id 105
Sep 02, 2026 8:43:27 AM org.eclipse.lsp4j.jsonrpc.RemoteEndpoint handleCancellation
WARNING: Unmatched cancel notification for request id 156
Sep 02, 2026 8:44:10 AM org.eclipse.lsp4j.jsonrpc.RemoteEndpoint handleCancellation
WARNING: Unmatched cancel notification for request id 172
Sep 02, 2026 8:45:37 AM org.eclipse.lsp4j.jsonrpc.RemoteEndpoint handleCancellation
WARNING: Unmatched cancel notification for request id 240
Sep 02, 2026 8:45:37 AM org.eclipse.lsp4j.jsonrpc.RemoteEndpoint handleCancellation
WARNING: Unmatched cancel notification for request id 241
2026.09.02 10:26:32 INFO  compiling course (1 scala source)[0m
2026.09.02 10:26:34 INFO  time: compiled course in 2.18s[0m
Sep 02, 2026 10:30:20 AM org.eclipse.lsp4j.jsonrpc.RemoteEndpoint handleCancellation
WARNING: Unmatched cancel notification for request id 289
Sep 02, 2026 10:30:39 AM org.eclipse.lsp4j.jsonrpc.RemoteEndpoint handleCancellation
WARNING: Unmatched cancel notification for request id 296
Sep 02, 2026 10:30:47 AM org.eclipse.lsp4j.jsonrpc.RemoteEndpoint handleCancellation
WARNING: Unmatched cancel notification for request id 300
Sep 02, 2026 10:31:17 AM org.eclipse.lsp4j.jsonrpc.RemoteEndpoint handleCancellation
WARNING: Unmatched cancel notification for request id 320
Sep 02, 2026 10:33:06 AM org.eclipse.lsp4j.jsonrpc.RemoteEndpoint handleCancellation
WARNING: Unmatched cancel notification for request id 340
Sep 02, 2026 10:45:33 AM org.eclipse.lsp4j.jsonrpc.RemoteEndpoint handleCancellation
WARNING: Unmatched cancel notification for request id 521
2026.09.02 10:52:14 INFO  compiling course (1 scala source)[0m
2026.09.02 10:52:17 INFO  time: compiled course in 2.76s[0m
Sep 02, 2026 10:54:48 AM org.eclipse.lsp4j.jsonrpc.RemoteEndpoint handleCancellation
WARNING: Unmatched cancel notification for request id 708
Sep 02, 2026 10:58:33 AM org.eclipse.lsp4j.jsonrpc.RemoteEndpoint handleCancellation
WARNING: Unmatched cancel notification for request id 924
2026.09.02 10:59:02 INFO  compiling course (1 scala source)[0m
2026.09.02 10:59:04 INFO  time: compiled course in 1.98s[0m
Sep 02, 2026 11:00:54 AM org.eclipse.lsp4j.jsonrpc.RemoteEndpoint handleCancellation
WARNING: Unmatched cancel notification for request id 997
Sep 02, 2026 11:03:42 AM org.eclipse.lsp4j.jsonrpc.RemoteEndpoint handleCancellation
WARNING: Unmatched cancel notification for request id 1119
Sep 02, 2026 11:09:14 AM org.eclipse.lsp4j.jsonrpc.RemoteEndpoint handleCancellation
WARNING: Unmatched cancel notification for request id 1338
2026.09.02 11:09:18 INFO  compiling course (1 scala source)[0m
2026.09.02 11:09:20 INFO  time: compiled course in 2.04s[0m
Exception in thread "pool-49-thread-1" java.lang.InterruptedException
	at scala.meta.internal.metals.FutureCancelToken.checkCanceled(FutureCancelToken.scala:29)
	at scala.meta.internal.pc.CompilerAccess.onCompilerJobQueue$$anonfun$1(CompilerAccess.scala:208)
	at scala.meta.internal.pc.CompilerJobQueue$Job.run(CompilerJobQueue.scala:153)
	at java.base/java.util.concurrent.ThreadPoolExecutor.runWorker(ThreadPoolExecutor.java:1144)
	at java.base/java.util.concurrent.ThreadPoolExecutor$Worker.run(ThreadPoolExecutor.java:642)
	at java.base/java.lang.Thread.run(Thread.java:1583)
Sep 02, 2026 11:10:28 AM org.eclipse.lsp4j.jsonrpc.RemoteEndpoint handleCancellation
WARNING: Unmatched cancel notification for request id 1425
Sep 02, 2026 11:10:35 AM org.eclipse.lsp4j.jsonrpc.RemoteEndpoint handleCancellation
WARNING: Unmatched cancel notification for request id 1436
2026.09.02 11:11:44 WARN  Could not load snapshot text for /home/pablo/Documents/UOC/Software development/Semester 5/Software Architecture/PR2/UOC-Spring-2026/spring-2026/scala-course/modules/course/src/main/scala/edu/uoc/epcsd/course/Main.scala[0m
2026.09.02 11:11:44 INFO  compiling course (1 scala source)[0m
2026.09.02 11:11:46 INFO  time: compiled course in 2.18s[0m
Sep 02, 2026 11:13:09 AM org.eclipse.lsp4j.jsonrpc.RemoteEndpoint handleCancellation
WARNING: Unmatched cancel notification for request id 1515
Sep 02, 2026 11:13:09 AM org.eclipse.lsp4j.jsonrpc.RemoteEndpoint handleCancellation
WARNING: Unmatched cancel notification for request id 1514
Sep 02, 2026 11:14:12 AM org.eclipse.lsp4j.jsonrpc.RemoteEndpoint handleCancellation
WARNING: Unmatched cancel notification for request id 1609
2026.09.02 11:14:30 INFO  compiling course (1 scala source)[0m
2026.09.02 11:14:32 INFO  time: compiled course in 1.34s[0m
2026.09.02 11:14:32 INFO  compiling course (1 scala source)[0m
2026.09.02 11:14:32 INFO  time: compiled course in 0.61s[0m
2026.09.02 11:16:29 INFO  compiling course (1 scala source)[0m
2026.09.02 11:16:31 INFO  time: compiled course in 2.24s[0m
Sep 02, 2026 11:16:31 AM org.eclipse.lsp4j.jsonrpc.RemoteEndpoint handleCancellation
WARNING: Unmatched cancel notification for request id 1725
Sep 02, 2026 11:16:31 AM org.eclipse.lsp4j.jsonrpc.RemoteEndpoint handleCancellation
WARNING: Unmatched cancel notification for request id 1726
2026.09.02 11:19:50 WARN  Could not load snapshot text for /home/pablo/Documents/UOC/Software development/Semester 5/Software Architecture/PR2/UOC-Spring-2026/spring-2026/scala-course/modules/course/src/main/scala/edu/uoc/epcsd/course/service/CourseService.scala[0m
2026.09.02 11:19:50 INFO  compiling course (1 scala source)[0m
2026.09.02 11:19:52 INFO  time: compiled course in 2.1s[0m
Sep 02, 2026 11:19:52 AM org.eclipse.lsp4j.jsonrpc.RemoteEndpoint handleCancellation
WARNING: Unmatched cancel notification for request id 1780
2026.09.02 12:36:18 INFO  compiling course (1 scala source)[0m
2026.09.02 12:36:18 INFO  time: compiled course in 0.63s[0m
Sep 02, 2026 12:58:07 PM org.eclipse.lsp4j.jsonrpc.RemoteEndpoint handleCancellation
WARNING: Unmatched cancel notification for request id 2032
2026.09.02 12:58:20 WARN  Could not load snapshot text for /home/pablo/Documents/UOC/Software development/Semester 5/Software Architecture/PR2/UOC-Spring-2026/spring-2026/scala-course/modules/course/src/main/scala/edu/uoc/epcsd/course/infrastructure/user/UserClient.scala[0m
2026.09.02 12:58:20 INFO  compiling course (1 scala source)[0m
2026.09.02 12:58:21 WARN  Could not load snapshot text for /home/pablo/Documents/UOC/Software development/Semester 5/Software Architecture/PR2/UOC-Spring-2026/spring-2026/scala-course/modules/course/src/main/scala/edu/uoc/epcsd/course/infrastructure/user/UserClient.scala[0m
2026.09.02 12:58:23 INFO  time: compiled course in 2.25s[0m
2026.09.02 12:58:23 WARN  Could not load snapshot text for /home/pablo/Documents/UOC/Software development/Semester 5/Software Architecture/PR2/UOC-Spring-2026/spring-2026/scala-course/modules/course/src/main/scala/edu/uoc/epcsd/course/infrastructure/user/UserClient.scala[0m
2026.09.02 12:58:23 WARN  Could not load snapshot text for /home/pablo/Documents/UOC/Software development/Semester 5/Software Architecture/PR2/UOC-Spring-2026/spring-2026/scala-course/modules/course/src/main/scala/edu/uoc/epcsd/course/infrastructure/user/UserClient.scala[0m
2026.09.02 13:21:36 INFO  compiling course (1 scala source)[0m
2026.09.02 13:21:39 INFO  time: compiled course in 2.44s[0m
2026.09.02 13:22:13 WARN  Could not load snapshot text for /home/pablo/Documents/UOC/Software development/Semester 5/Software Architecture/PR2/UOC-Spring-2026/spring-2026/scala-course/modules/course/src/main/scala/edu/uoc/epcsd/course/infrastructure/user/UserClient.scala[0m
Sep 02, 2026 1:22:56 PM org.eclipse.lsp4j.jsonrpc.RemoteEndpoint handleCancellation
WARNING: Unmatched cancel notification for request id 2114
Sep 02, 2026 1:22:56 PM org.eclipse.lsp4j.jsonrpc.RemoteEndpoint handleCancellation
WARNING: Unmatched cancel notification for request id 2113
Sep 02, 2026 1:23:38 PM org.eclipse.lsp4j.jsonrpc.RemoteEndpoint handleCancellation
WARNING: Unmatched cancel notification for request id 2127
2026.09.02 13:25:10 INFO  compiling course (2 scala sources)[0m
2026.09.02 13:25:13 INFO  time: compiled course in 2.66s[0m
Sep 02, 2026 1:27:01 PM org.eclipse.lsp4j.jsonrpc.RemoteEndpoint handleCancellation
WARNING: Unmatched cancel notification for request id 2337
Sep 02, 2026 1:28:24 PM org.eclipse.lsp4j.jsonrpc.RemoteEndpoint handleCancellation
WARNING: Unmatched cancel notification for request id 2426
2026.09.02 13:28:46 INFO  compiling course (2 scala sources)[0m
2026.09.02 13:28:49 INFO  time: compiled course in 2.24s[0m
Sep 02, 2026 1:28:52 PM org.eclipse.lsp4j.jsonrpc.RemoteEndpoint handleCancellation
WARNING: Unmatched cancel notification for request id 2485
2026.09.02 13:29:15 INFO  compiling course (2 scala sources)[0m
2026.09.02 13:29:15 INFO  time: compiled course in 0.79s[0m
Sep 02, 2026 1:29:36 PM org.eclipse.lsp4j.jsonrpc.RemoteEndpoint handleCancellation
WARNING: Unmatched cancel notification for request id 2586
2026.09.02 13:29:48 INFO  compiling course (2 scala sources)[0m
2026.09.02 13:29:48 INFO  time: compiled course in 0.98s[0m
Sep 02, 2026 1:31:11 PM org.eclipse.lsp4j.jsonrpc.RemoteEndpoint handleCancellation
WARNING: Unmatched cancel notification for request id 2721
Sep 02, 2026 1:31:15 PM org.eclipse.lsp4j.jsonrpc.RemoteEndpoint handleCancellation
WARNING: Unmatched cancel notification for request id 2744
2026.09.02 13:31:25 INFO  compiling course (2 scala sources)[0m
2026.09.02 13:31:28 INFO  time: compiled course in 2.62s[0m
2026.09.02 13:33:01 INFO  compiling course (3 scala sources)[0m
2026.09.02 13:33:04 INFO  time: compiled course in 2.65s[0m
2026.09.02 13:33:12 WARN  Could not load snapshot text for /home/pablo/Documents/UOC/Software development/Semester 5/Software Architecture/PR2/UOC-Spring-2026/spring-2026/scala-course/modules/course/src/main/scala/edu/uoc/epcsd/course/infrastructure/user/UserClient.scala[0m
2026.09.02 13:33:24 WARN  Could not load snapshot text for /home/pablo/Documents/UOC/Software development/Semester 5/Software Architecture/PR2/UOC-Spring-2026/spring-2026/scala-course/modules/course/src/main/scala/edu/uoc/epcsd/course/infrastructure/user/UserClient.scala[0m
Sep 02, 2026 1:33:24 PM org.eclipse.lsp4j.jsonrpc.RemoteEndpoint handleCancellation
WARNING: Unmatched cancel notification for request id 2900
2026.09.02 13:33:25 WARN  Could not load snapshot text for /home/pablo/Documents/UOC/Software development/Semester 5/Software Architecture/PR2/UOC-Spring-2026/spring-2026/scala-course/modules/course/src/main/scala/edu/uoc/epcsd/course/infrastructure/user/UserClient.scala[0m
2026.09.02 13:33:25 INFO  compiling course (3 scala sources)[0m
2026.09.02 13:33:25 INFO  time: compiled course in 0.84s[0m
2026.09.02 13:33:26 WARN  Could not load snapshot text for /home/pablo/Documents/UOC/Software development/Semester 5/Software Architecture/PR2/UOC-Spring-2026/spring-2026/scala-course/modules/course/src/main/scala/edu/uoc/epcsd/course/infrastructure/user/UserClient.scala[0m
2026.09.02 13:33:26 WARN  Could not load snapshot text for /home/pablo/Documents/UOC/Software development/Semester 5/Software Architecture/PR2/UOC-Spring-2026/spring-2026/scala-course/modules/course/src/main/scala/edu/uoc/epcsd/course/infrastructure/user/UserClient.scala[0m
2026.09.02 13:33:45 INFO  compiling course (3 scala sources)[0m
2026.09.02 13:33:45 INFO  time: compiled course in 0.81s[0m
2026.09.02 13:33:57 INFO  compiling course (3 scala sources)[0m
2026.09.02 13:33:57 INFO  time: compiled course in 0.74s[0m
2026.09.02 13:38:11 WARN  Could not load snapshot text for /home/pablo/Documents/UOC/Software development/Semester 5/Software Architecture/PR2/UOC-Spring-2026/spring-2026/scala-course/modules/course/src/main/scala/edu/uoc/epcsd/course/infrastructure/user/UserClient.scala[0m
Sep 02, 2026 1:39:00 PM org.eclipse.lsp4j.jsonrpc.RemoteEndpoint handleCancellation
WARNING: Unmatched cancel notification for request id 2980
2026.09.02 13:40:02 INFO  compiling course (3 scala sources)[0m
2026.09.02 13:40:04 INFO  time: compiled course in 2.73s[0m
2026.09.02 13:40:04 INFO  compiling course (1 scala source)[0m
2026.09.02 13:40:04 INFO  time: compiled course in 0.83s[0m
2026.09.02 13:40:31 WARN  Could not load snapshot text for /home/pablo/Documents/UOC/Software development/Semester 5/Software Architecture/PR2/UOC-Spring-2026/spring-2026/scala-course/modules/course/src/main/scala/edu/uoc/epcsd/course/service/CourseService.scala[0m
2026.09.02 13:40:31 INFO  compiling course (1 scala source)[0m
2026.09.02 13:40:31 INFO  time: compiled course in 0.43s[0m
2026.09.02 13:43:10 INFO  compiling course (1 scala source)[0m
2026.09.02 13:43:12 INFO  time: compiled course in 2.41s[0m
Sep 02, 2026 1:44:16 PM org.eclipse.lsp4j.jsonrpc.RemoteEndpoint handleCancellation
WARNING: Unmatched cancel notification for request id 3174
2026.09.02 13:46:18 INFO  compiling course (1 scala source)[0m
2026.09.02 13:46:20 INFO  time: compiled course in 1.66s[0m
Sep 02, 2026 1:48:29 PM org.eclipse.lsp4j.jsonrpc.RemoteEndpoint handleCancellation
WARNING: Unmatched cancel notification for request id 3224
2026.09.02 14:45:24 INFO  no build target found for /home/pablo/Documents/UOC/Software development/Semester 5/Software Architecture/PR2/UOC-Spring-2026/spring-2026/scala-course/modules/microcredential/src/main/scala/edu/uoc/epcsd/microcredential/domain/Algebra.scala. Using presentation compiler with project's scala-library version: 3.3.8[0m
2026.09.02 14:45:24 WARN  no build target for: /home/pablo/Documents/UOC/Software development/Semester 5/Software Architecture/PR2/UOC-Spring-2026/spring-2026/scala-course/modules/microcredential/src/main/scala/edu/uoc/epcsd/microcredential/domain/Algebra.scala[0m
2026.09.02 14:45:24 INFO  no build target found for /home/pablo/Documents/UOC/Software development/Semester 5/Software Architecture/PR2/UOC-Spring-2026/spring-2026/scala-course/modules/microcredential/src/main/scala/edu/uoc/epcsd/microcredential/domain/Algebra.scala. Using presentation compiler with project's scala-library version: 3.3.8[0m
2026.09.02 14:45:24 INFO  no build target found for /home/pablo/Documents/UOC/Software development/Semester 5/Software Architecture/PR2/UOC-Spring-2026/spring-2026/scala-course/modules/microcredential/src/main/scala/edu/uoc/epcsd/microcredential/domain/Algebra.scala. Using presentation compiler with project's scala-library version: 3.3.8[0m
2026.09.02 14:45:24 INFO  no build target found for /home/pablo/Documents/UOC/Software development/Semester 5/Software Architecture/PR2/UOC-Spring-2026/spring-2026/scala-course/modules/microcredential/src/main/scala/edu/uoc/epcsd/microcredential/domain/Algebra.scala. Using presentation compiler with project's scala-library version: 3.3.8[0m
2026.09.02 14:45:28 INFO  no build target found for /home/pablo/Documents/UOC/Software development/Semester 5/Software Architecture/PR2/UOC-Spring-2026/spring-2026/scala-course/modules/microcredential/src/main/scala/edu/uoc/epcsd/microcredential/domain/Algebra.scala. Using presentation compiler with project's scala-library version: 3.3.8[0m
2026.09.02 14:45:32 INFO  no build target found for /home/pablo/Documents/UOC/Software development/Semester 5/Software Architecture/PR2/UOC-Spring-2026/spring-2026/scala-course/modules/microcredential/src/main/scala/edu/uoc/epcsd/microcredential/domain/Algebra.scala. Using presentation compiler with project's scala-library version: 3.3.8[0m
2026.09.02 14:51:38 INFO  no build target found for /home/pablo/Documents/UOC/Software development/Semester 5/Software Architecture/PR2/UOC-Spring-2026/spring-2026/scala-course/modules/microcredential/src/main/scala/edu/uoc/epcsd/microcredential/domain/Algebra.scala. Using presentation compiler with project's scala-library version: 3.3.8[0m
2026.09.02 14:51:38 INFO  no build target found for /home/pablo/Documents/UOC/Software development/Semester 5/Software Architecture/PR2/UOC-Spring-2026/spring-2026/scala-course/modules/microcredential/src/main/scala/edu/uoc/epcsd/microcredential/domain/Algebra.scala. Using presentation compiler with project's scala-library version: 3.3.8[0m
2026.09.02 14:51:38 INFO  no build target found for /home/pablo/Documents/UOC/Software development/Semester 5/Software Architecture/PR2/UOC-Spring-2026/spring-2026/scala-course/modules/microcredential/src/main/scala/edu/uoc/epcsd/microcredential/domain/Algebra.scala. Using presentation compiler with project's scala-library version: 3.3.8[0m
2026.09.02 14:54:50 INFO  no build target found for /home/pablo/Documents/UOC/Software development/Semester 5/Software Architecture/PR2/UOC-Spring-2026/spring-2026/scala-course/modules/microcredential/src/main/scala/edu/uoc/epcsd/microcredential/domain/Algebra.scala. Using presentation compiler with project's scala-library version: 3.3.8[0m
2026.09.02 14:54:50 INFO  no build target found for /home/pablo/Documents/UOC/Software development/Semester 5/Software Architecture/PR2/UOC-Spring-2026/spring-2026/scala-course/modules/microcredential/src/main/scala/edu/uoc/epcsd/microcredential/domain/Algebra.scala. Using presentation compiler with project's scala-library version: 3.3.8[0m
2026.09.02 14:54:50 INFO  no build target found for /home/pablo/Documents/UOC/Software development/Semester 5/Software Architecture/PR2/UOC-Spring-2026/spring-2026/scala-course/modules/microcredential/src/main/scala/edu/uoc/epcsd/microcredential/domain/Algebra.scala. Using presentation compiler with project's scala-library version: 3.3.8[0m
2026.09.02 14:57:28 INFO  no build target found for /home/pablo/Documents/UOC/Software development/Semester 5/Software Architecture/PR2/UOC-Spring-2026/spring-2026/scala-course/modules/microcredential/src/main/scala/edu/uoc/epcsd/microcredential/domain/Algebra.scala. Using presentation compiler with project's scala-library version: 3.3.8[0m
2026.09.02 15:05:05 INFO  no build target found for /home/pablo/Documents/UOC/Software development/Semester 5/Software Architecture/PR2/UOC-Spring-2026/spring-2026/scala-course/modules/microcredential/src/main/scala/edu/uoc/epcsd/microcredential/domain/Algebra.scala. Using presentation compiler with project's scala-library version: 3.3.8[0m
2026.09.02 16:05:12 INFO  no build target found for /home/pablo/Documents/UOC/Software development/Semester 5/Software Architecture/PR2/UOC-Spring-2026/spring-2026/scala-course/modules/microcredential/src/main/scala/edu/uoc/epcsd/microcredential/domain/Algebra.scala. Using presentation compiler with project's scala-library version: 3.3.8[0m
2026.09.02 16:07:14 INFO  no build target found for /home/pablo/Documents/UOC/Software development/Semester 5/Software Architecture/PR2/UOC-Spring-2026/spring-2026/scala-course/modules/microcredential/src/main/scala/edu/uoc/epcsd/microcredential/config/AppConfig.scala. Using presentation compiler with project's scala-library version: 3.3.8[0m
2026.09.02 16:07:14 WARN  no build target for: /home/pablo/Documents/UOC/Software development/Semester 5/Software Architecture/PR2/UOC-Spring-2026/spring-2026/scala-course/modules/microcredential/src/main/scala/edu/uoc/epcsd/microcredential/config/AppConfig.scala[0m
2026.09.02 16:07:14 INFO  no build target found for /home/pablo/Documents/UOC/Software development/Semester 5/Software Architecture/PR2/UOC-Spring-2026/spring-2026/scala-course/modules/microcredential/src/main/scala/edu/uoc/epcsd/microcredential/config/AppConfig.scala. Using presentation compiler with project's scala-library version: 3.3.8[0m
2026.09.02 16:07:14 INFO  no build target found for /home/pablo/Documents/UOC/Software development/Semester 5/Software Architecture/PR2/UOC-Spring-2026/spring-2026/scala-course/modules/microcredential/src/main/scala/edu/uoc/epcsd/microcredential/config/AppConfig.scala. Using presentation compiler with project's scala-library version: 3.3.8[0m
2026.09.02 16:07:14 INFO  no build target found for /home/pablo/Documents/UOC/Software development/Semester 5/Software Architecture/PR2/UOC-Spring-2026/spring-2026/scala-course/modules/microcredential/src/main/scala/edu/uoc/epcsd/microcredential/config/AppConfig.scala. Using presentation compiler with project's scala-library version: 3.3.8[0m
2026.09.02 16:07:14 INFO  no build target found for /home/pablo/Documents/UOC/Software development/Semester 5/Software Architecture/PR2/UOC-Spring-2026/spring-2026/scala-course/modules/microcredential/src/main/scala/edu/uoc/epcsd/microcredential/config/AppConfig.scala. Using presentation compiler with project's scala-library version: 3.3.8[0m
2026.09.02 16:07:16 INFO  no build target found for /home/pablo/Documents/UOC/Software development/Semester 5/Software Architecture/PR2/UOC-Spring-2026/spring-2026/scala-course/modules/microcredential/src/main/scala/edu/uoc/epcsd/microcredential/config/AppConfig.scala. Using presentation compiler with project's scala-library version: 3.3.8[0m
2026.09.02 16:07:16 INFO  no build target found for /home/pablo/Documents/UOC/Software development/Semester 5/Software Architecture/PR2/UOC-Spring-2026/spring-2026/scala-course/modules/microcredential/src/main/scala/edu/uoc/epcsd/microcredential/config/AppConfig.scala. Using presentation compiler with project's scala-library version: 3.3.8[0m
2026.09.02 16:07:16 INFO  no build target found for /home/pablo/Documents/UOC/Software development/Semester 5/Software Architecture/PR2/UOC-Spring-2026/spring-2026/scala-course/modules/microcredential/src/main/scala/edu/uoc/epcsd/microcredential/config/AppConfig.scala. Using presentation compiler with project's scala-library version: 3.3.8[0m
2026.09.02 16:07:19 INFO  no build target found for /home/pablo/Documents/UOC/Software development/Semester 5/Software Architecture/PR2/UOC-Spring-2026/spring-2026/scala-course/modules/microcredential/src/main/scala/edu/uoc/epcsd/microcredential/config/AppConfig.scala. Using presentation compiler with project's scala-library version: 3.3.8[0m
2026.09.02 16:07:19 INFO  no build target found for /home/pablo/Documents/UOC/Software development/Semester 5/Software Architecture/PR2/UOC-Spring-2026/spring-2026/scala-course/modules/microcredential/src/main/scala/edu/uoc/epcsd/microcredential/config/AppConfig.scala. Using presentation compiler with project's scala-library version: 3.3.8[0m
2026.09.02 16:07:19 INFO  no build target found for /home/pablo/Documents/UOC/Software development/Semester 5/Software Architecture/PR2/UOC-Spring-2026/spring-2026/scala-course/modules/microcredential/src/main/scala/edu/uoc/epcsd/microcredential/config/AppConfig.scala. Using presentation compiler with project's scala-library version: 3.3.8[0m
2026.09.02 16:08:29 INFO  no build target found for /home/pablo/Documents/UOC/Software development/Semester 5/Software Architecture/PR2/UOC-Spring-2026/spring-2026/scala-course/modules/microcredential/src/main/scala/edu/uoc/epcsd/microcredential/config/AppConfig.scala. Using presentation compiler with project's scala-library version: 3.3.8[0m
2026.09.02 16:08:31 INFO  no build target found for /home/pablo/Documents/UOC/Software development/Semester 5/Software Architecture/PR2/UOC-Spring-2026/spring-2026/scala-course/modules/microcredential/src/main/scala/edu/uoc/epcsd/microcredential/config/AppConfig.scala. Using presentation compiler with project's scala-library version: 3.3.8[0m
2026.09.02 16:08:31 INFO  no build target found for /home/pablo/Documents/UOC/Software development/Semester 5/Software Architecture/PR2/UOC-Spring-2026/spring-2026/scala-course/modules/microcredential/src/main/scala/edu/uoc/epcsd/microcredential/config/AppConfig.scala. Using presentation compiler with project's scala-library version: 3.3.8[0m
2026.09.02 16:08:35 INFO  no build target found for /home/pablo/Documents/UOC/Software development/Semester 5/Software Architecture/PR2/UOC-Spring-2026/spring-2026/scala-course/modules/microcredential/src/main/scala/edu/uoc/epcsd/microcredential/config/AppConfig.scala. Using presentation compiler with project's scala-library version: 3.3.8[0m
2026.09.02 16:08:35 INFO  no build target found for /home/pablo/Documents/UOC/Software development/Semester 5/Software Architecture/PR2/UOC-Spring-2026/spring-2026/scala-course/modules/microcredential/src/main/scala/edu/uoc/epcsd/microcredential/config/AppConfig.scala. Using presentation compiler with project's scala-library version: 3.3.8[0m
2026.09.02 16:08:37 INFO  no build target found for /home/pablo/Documents/UOC/Software development/Semester 5/Software Architecture/PR2/UOC-Spring-2026/spring-2026/scala-course/modules/microcredential/src/main/scala/edu/uoc/epcsd/microcredential/config/AppConfig.scala. Using presentation compiler with project's scala-library version: 3.3.8[0m
2026.09.02 16:09:35 INFO  no build target found for /home/pablo/Documents/UOC/Software development/Semester 5/Software Architecture/PR2/UOC-Spring-2026/spring-2026/scala-course/modules/microcredential/src/main/scala/edu/uoc/epcsd/microcredential/domain/Algebra.scala. Using presentation compiler with project's scala-library version: 3.3.8[0m
2026.09.02 16:09:35 WARN  no build target for: /home/pablo/Documents/UOC/Software development/Semester 5/Software Architecture/PR2/UOC-Spring-2026/spring-2026/scala-course/modules/microcredential/src/main/scala/edu/uoc/epcsd/microcredential/domain/Algebra.scala[0m
2026.09.02 16:09:35 INFO  no build target found for /home/pablo/Documents/UOC/Software development/Semester 5/Software Architecture/PR2/UOC-Spring-2026/spring-2026/scala-course/modules/microcredential/src/main/scala/edu/uoc/epcsd/microcredential/domain/Algebra.scala. Using presentation compiler with project's scala-library version: 3.3.8[0m
2026.09.02 16:09:35 INFO  no build target found for /home/pablo/Documents/UOC/Software development/Semester 5/Software Architecture/PR2/UOC-Spring-2026/spring-2026/scala-course/modules/microcredential/src/main/scala/edu/uoc/epcsd/microcredential/domain/Algebra.scala. Using presentation compiler with project's scala-library version: 3.3.8[0m
2026.09.02 16:09:35 INFO  no build target found for /home/pablo/Documents/UOC/Software development/Semester 5/Software Architecture/PR2/UOC-Spring-2026/spring-2026/scala-course/modules/microcredential/src/main/scala/edu/uoc/epcsd/microcredential/domain/Algebra.scala. Using presentation compiler with project's scala-library version: 3.3.8[0m
2026.09.02 16:09:37 INFO  no build target found for /home/pablo/Documents/UOC/Software development/Semester 5/Software Architecture/PR2/UOC-Spring-2026/spring-2026/scala-course/modules/microcredential/src/main/scala/edu/uoc/epcsd/microcredential/domain/Algebra.scala. Using presentation compiler with project's scala-library version: 3.3.8[0m
2026.09.02 16:09:37 INFO  no build target found for /home/pablo/Documents/UOC/Software development/Semester 5/Software Architecture/PR2/UOC-Spring-2026/spring-2026/scala-course/modules/microcredential/src/main/scala/edu/uoc/epcsd/microcredential/domain/Algebra.scala. Using presentation compiler with project's scala-library version: 3.3.8[0m
2026.09.02 16:09:37 INFO  no build target found for /home/pablo/Documents/UOC/Software development/Semester 5/Software Architecture/PR2/UOC-Spring-2026/spring-2026/scala-course/modules/microcredential/src/main/scala/edu/uoc/epcsd/microcredential/domain/Algebra.scala. Using presentation compiler with project's scala-library version: 3.3.8[0m
2026.09.02 16:09:39 INFO  no build target found for /home/pablo/Documents/UOC/Software development/Semester 5/Software Architecture/PR2/UOC-Spring-2026/spring-2026/scala-course/modules/microcredential/src/main/scala/edu/uoc/epcsd/microcredential/domain/Algebra.scala. Using presentation compiler with project's scala-library version: 3.3.8[0m
2026.09.02 16:09:42 INFO  no build target found for /home/pablo/Documents/UOC/Software development/Semester 5/Software Architecture/PR2/UOC-Spring-2026/spring-2026/scala-course/modules/microcredential/src/main/scala/edu/uoc/epcsd/microcredential/domain/Algebra.scala. Using presentation compiler with project's scala-library version: 3.3.8[0m
2026.09.02 16:09:43 INFO  no build target found for /home/pablo/Documents/UOC/Software development/Semester 5/Software Architecture/PR2/UOC-Spring-2026/spring-2026/scala-course/modules/microcredential/src/main/scala/edu/uoc/epcsd/microcredential/domain/Algebra.scala. Using presentation compiler with project's scala-library version: 3.3.8[0m
2026.09.02 16:09:43 INFO  no build target found for /home/pablo/Documents/UOC/Software development/Semester 5/Software Architecture/PR2/UOC-Spring-2026/spring-2026/scala-course/modules/microcredential/src/main/scala/edu/uoc/epcsd/microcredential/domain/Algebra.scala. Using presentation compiler with project's scala-library version: 3.3.8[0m
2026.09.02 16:09:43 INFO  no build target found for /home/pablo/Documents/UOC/Software development/Semester 5/Software Architecture/PR2/UOC-Spring-2026/spring-2026/scala-course/modules/microcredential/src/main/scala/edu/uoc/epcsd/microcredential/domain/Algebra.scala. Using presentation compiler with project's scala-library version: 3.3.8[0m
2026.09.02 16:09:45 INFO  no build target found for /home/pablo/Documents/UOC/Software development/Semester 5/Software Architecture/PR2/UOC-Spring-2026/spring-2026/scala-course/modules/microcredential/src/main/scala/edu/uoc/epcsd/microcredential/domain/Algebra.scala. Using presentation compiler with project's scala-library version: 3.3.8[0m
2026.09.02 16:09:45 INFO  no build target found for /home/pablo/Documents/UOC/Software development/Semester 5/Software Architecture/PR2/UOC-Spring-2026/spring-2026/scala-course/modules/microcredential/src/main/scala/edu/uoc/epcsd/microcredential/domain/Algebra.scala. Using presentation compiler with project's scala-library version: 3.3.8[0m
2026.09.02 16:09:45 INFO  no build target found for /home/pablo/Documents/UOC/Software development/Semester 5/Software Architecture/PR2/UOC-Spring-2026/spring-2026/scala-course/modules/microcredential/src/main/scala/edu/uoc/epcsd/microcredential/domain/Algebra.scala. Using presentation compiler with project's scala-library version: 3.3.8[0m
2026.09.02 16:09:46 INFO  no build target found for /home/pablo/Documents/UOC/Software development/Semester 5/Software Architecture/PR2/UOC-Spring-2026/spring-2026/scala-course/modules/microcredential/src/main/scala/edu/uoc/epcsd/microcredential/domain/Algebra.scala. Using presentation compiler with project's scala-library version: 3.3.8[0m
2026.09.02 16:09:50 INFO  no build target found for /home/pablo/Documents/UOC/Software development/Semester 5/Software Architecture/PR2/UOC-Spring-2026/spring-2026/scala-course/modules/microcredential/src/main/scala/edu/uoc/epcsd/microcredential/domain/Codecs.scala. Using presentation compiler with project's scala-library version: 3.3.8[0m
2026.09.02 16:09:50 WARN  no build target for: /home/pablo/Documents/UOC/Software development/Semester 5/Software Architecture/PR2/UOC-Spring-2026/spring-2026/scala-course/modules/microcredential/src/main/scala/edu/uoc/epcsd/microcredential/domain/Codecs.scala[0m
2026.09.02 16:09:50 INFO  no build target found for /home/pablo/Documents/UOC/Software development/Semester 5/Software Architecture/PR2/UOC-Spring-2026/spring-2026/scala-course/modules/microcredential/src/main/scala/edu/uoc/epcsd/microcredential/domain/Codecs.scala. Using presentation compiler with project's scala-library version: 3.3.8[0m
2026.09.02 16:09:50 INFO  no build target found for /home/pablo/Documents/UOC/Software development/Semester 5/Software Architecture/PR2/UOC-Spring-2026/spring-2026/scala-course/modules/microcredential/src/main/scala/edu/uoc/epcsd/microcredential/domain/Codecs.scala. Using presentation compiler with project's scala-library version: 3.3.8[0m
2026.09.02 16:09:50 INFO  no build target found for /home/pablo/Documents/UOC/Software development/Semester 5/Software Architecture/PR2/UOC-Spring-2026/spring-2026/scala-course/modules/microcredential/src/main/scala/edu/uoc/epcsd/microcredential/domain/Codecs.scala. Using presentation compiler with project's scala-library version: 3.3.8[0m
2026.09.02 16:09:50 INFO  no build target found for /home/pablo/Documents/UOC/Software development/Semester 5/Software Architecture/PR2/UOC-Spring-2026/spring-2026/scala-course/modules/microcredential/src/main/scala/edu/uoc/epcsd/microcredential/domain/Codecs.scala. Using presentation compiler with project's scala-library version: 3.3.8[0m
2026.09.02 16:09:53 INFO  no build target found for /home/pablo/Documents/UOC/Software development/Semester 5/Software Architecture/PR2/UOC-Spring-2026/spring-2026/scala-course/modules/microcredential/src/main/scala/edu/uoc/epcsd/microcredential/domain/Error.scala. Using presentation compiler with project's scala-library version: 3.3.8[0m
2026.09.02 16:09:53 WARN  no build target for: /home/pablo/Documents/UOC/Software development/Semester 5/Software Architecture/PR2/UOC-Spring-2026/spring-2026/scala-course/modules/microcredential/src/main/scala/edu/uoc/epcsd/microcredential/domain/Error.scala[0m
2026.09.02 16:09:53 INFO  no build target found for /home/pablo/Documents/UOC/Software development/Semester 5/Software Architecture/PR2/UOC-Spring-2026/spring-2026/scala-course/modules/microcredential/src/main/scala/edu/uoc/epcsd/microcredential/domain/Error.scala. Using presentation compiler with project's scala-library version: 3.3.8[0m
2026.09.02 16:09:53 INFO  no build target found for /home/pablo/Documents/UOC/Software development/Semester 5/Software Architecture/PR2/UOC-Spring-2026/spring-2026/scala-course/modules/microcredential/src/main/scala/edu/uoc/epcsd/microcredential/domain/Error.scala. Using presentation compiler with project's scala-library version: 3.3.8[0m
2026.09.02 16:09:53 INFO  no build target found for /home/pablo/Documents/UOC/Software development/Semester 5/Software Architecture/PR2/UOC-Spring-2026/spring-2026/scala-course/modules/microcredential/src/main/scala/edu/uoc/epcsd/microcredential/domain/Error.scala. Using presentation compiler with project's scala-library version: 3.3.8[0m
2026.09.02 16:09:53 INFO  no build target found for /home/pablo/Documents/UOC/Software development/Semester 5/Software Architecture/PR2/UOC-Spring-2026/spring-2026/scala-course/modules/microcredential/src/main/scala/edu/uoc/epcsd/microcredential/domain/Error.scala. Using presentation compiler with project's scala-library version: 3.3.8[0m
2026.09.02 16:09:55 INFO  no build target found for /home/pablo/Documents/UOC/Software development/Semester 5/Software Architecture/PR2/UOC-Spring-2026/spring-2026/scala-course/modules/microcredential/src/main/scala/edu/uoc/epcsd/microcredential/domain/Error.scala. Using presentation compiler with project's scala-library version: 3.3.8[0m
2026.09.02 16:10:47 INFO  no build target found for /home/pablo/Documents/UOC/Software development/Semester 5/Software Architecture/PR2/UOC-Spring-2026/spring-2026/scala-course/modules/microcredential/src/main/scala/edu/uoc/epcsd/microcredential/domain/Error.scala. Using presentation compiler with project's scala-library version: 3.3.8[0m
2026.09.02 16:10:47 INFO  no build target found for /home/pablo/Documents/UOC/Software development/Semester 5/Software Architecture/PR2/UOC-Spring-2026/spring-2026/scala-course/modules/microcredential/src/main/scala/edu/uoc/epcsd/microcredential/domain/Error.scala. Using presentation compiler with project's scala-library version: 3.3.8[0m
2026.09.02 16:13:33 INFO  no build target found for /home/pablo/Documents/UOC/Software development/Semester 5/Software Architecture/PR2/UOC-Spring-2026/spring-2026/scala-course/modules/microcredential/src/main/scala/edu/uoc/epcsd/microcredential/domain/Error.scala. Using presentation compiler with project's scala-library version: 3.3.8[0m
2026.09.02 17:16:35 INFO  compiling course (1 scala source)[0m
2026.09.02 17:16:37 INFO  time: compiled course in 1.16s[0m
2026.09.02 17:17:08 INFO  compiling course (2 scala sources)[0m
2026.09.02 17:17:08 INFO  time: compiled course in 0.5s[0m
2026.09.02 17:19:35 INFO  compiling course (3 scala sources)[0m
2026.09.02 17:19:37 INFO  time: compiled course in 1.72s[0m
2026.09.02 17:19:39 INFO  compiling course (3 scala sources)[0m
2026.09.02 17:19:39 INFO  time: compiled course in 0.71s[0m
2026.09.02 17:21:41 INFO  compiling course (3 scala sources)[0m
2026.09.02 17:21:43 INFO  time: compiled course in 1.83s[0m
2026.09.02 17:21:49 INFO  compiling course (3 scala sources)[0m
2026.09.02 17:21:49 INFO  time: compiled course in 0.69s[0m
2026.09.04 08:13:53 INFO  compiling course (3 scala sources)[0m
2026.09.04 08:13:55 INFO  time: compiled course in 2.69s[0m
2026.09.04 08:14:24 INFO  compiling course (3 scala sources)[0m
2026.09.04 08:14:24 INFO  time: compiled course in 0.67s[0m
2026.09.04 08:16:54 INFO  compiling course (3 scala sources)[0m
2026.09.04 08:16:55 INFO  time: compiled course in 1.71s[0m
2026.09.04 08:17:14 INFO  compiling course (3 scala sources)[0m
2026.09.04 08:17:14 INFO  time: compiled course in 0.7s[0m
2026.09.04 08:18:25 INFO  compiling course (4 scala sources)[0m
2026.09.04 08:18:27 INFO  time: compiled course in 2.02s[0m
2026.09.04 08:18:27 INFO  compiling course (4 scala sources)[0m
2026.09.04 08:18:27 INFO  time: compiled course in 0.91s[0m
2026.09.04 08:18:35 INFO  compiling course (4 scala sources)[0m
2026.09.04 08:18:35 INFO  time: compiled course in 0.57s[0m
2026.09.04 08:19:21 INFO  compiling course (4 scala sources)[0m
2026.09.04 08:19:21 INFO  time: compiled course in 0.62s[0m
2026.09.04 08:19:48 INFO  compiling course (4 scala sources)[0m
2026.09.04 08:19:48 INFO  time: compiled course in 0.38s[0m
2026.09.04 08:20:45 INFO  compiling course (4 scala sources)[0m
2026.09.04 08:20:45 INFO  time: compiled course in 0.5s[0m
2026.09.04 08:20:57 INFO  compiling course (4 scala sources)[0m
2026.09.04 08:20:57 INFO  time: compiled course in 0.37s[0m
2026.09.04 08:21:03 INFO  compiling course (4 scala sources)[0m
2026.09.04 08:21:03 INFO  time: compiled course in 0.34s[0m
2026.09.04 08:21:25 INFO  compiling course (4 scala sources)[0m
2026.09.04 08:21:25 INFO  time: compiled course in 0.34s[0m
2026.09.04 08:21:30 INFO  compiling course (4 scala sources)[0m
2026.09.04 08:21:30 INFO  time: compiled course in 0.33s[0m
2026.09.04 08:21:36 INFO  compiling course (4 scala sources)[0m
2026.09.04 08:21:36 INFO  time: compiled course in 0.34s[0m
2026.09.04 08:43:35 INFO  no build target found for /home/pablo/Documents/UOC/Software development/Semester 5/Software Architecture/PR2/UOC-Spring-2026/spring-2026/scala-course/modules/microcredential/src/main/scala/edu/uoc/epcsd/microcredential/domain/Error.scala. Using presentation compiler with project's scala-library version: 3.3.8[0m
2026.09.04 08:48:58 INFO  no build target found for /home/pablo/Documents/UOC/Software development/Semester 5/Software Architecture/PR2/UOC-Spring-2026/spring-2026/scala-course/modules/microcredential/src/main/scala/edu/uoc/epcsd/microcredential/infrastructure/repository/DoobieRepositories.scala. Using presentation compiler with project's scala-library version: 3.3.8[0m
2026.09.04 08:48:58 WARN  no build target for: /home/pablo/Documents/UOC/Software development/Semester 5/Software Architecture/PR2/UOC-Spring-2026/spring-2026/scala-course/modules/microcredential/src/main/scala/edu/uoc/epcsd/microcredential/infrastructure/repository/DoobieRepositories.scala[0m
2026.09.04 08:48:58 INFO  no build target found for /home/pablo/Documents/UOC/Software development/Semester 5/Software Architecture/PR2/UOC-Spring-2026/spring-2026/scala-course/modules/microcredential/src/main/scala/edu/uoc/epcsd/microcredential/infrastructure/repository/DoobieRepositories.scala. Using presentation compiler with project's scala-library version: 3.3.8[0m
2026.09.04 08:48:58 INFO  no build target found for /home/pablo/Documents/UOC/Software development/Semester 5/Software Architecture/PR2/UOC-Spring-2026/spring-2026/scala-course/modules/microcredential/src/main/scala/edu/uoc/epcsd/microcredential/infrastructure/repository/DoobieRepositories.scala. Using presentation compiler with project's scala-library version: 3.3.8[0m
2026.09.04 08:48:58 INFO  no build target found for /home/pablo/Documents/UOC/Software development/Semester 5/Software Architecture/PR2/UOC-Spring-2026/spring-2026/scala-course/modules/microcredential/src/main/scala/edu/uoc/epcsd/microcredential/infrastructure/repository/DoobieRepositories.scala. Using presentation compiler with project's scala-library version: 3.3.8[0m
2026.09.04 08:48:59 INFO  no build target found for /home/pablo/Documents/UOC/Software development/Semester 5/Software Architecture/PR2/UOC-Spring-2026/spring-2026/scala-course/modules/microcredential/src/main/scala/edu/uoc/epcsd/microcredential/infrastructure/repository/DoobieRepositories.scala. Using presentation compiler with project's scala-library version: 3.3.8[0m
2026.09.04 08:49:00 INFO  no build target found for /home/pablo/Documents/UOC/Software development/Semester 5/Software Architecture/PR2/UOC-Spring-2026/spring-2026/scala-course/modules/microcredential/src/main/scala/edu/uoc/epcsd/microcredential/infrastructure/repository/DoobieRepositories.scala. Using presentation compiler with project's scala-library version: 3.3.8[0m
2026.09.04 08:49:00 INFO  no build target found for /home/pablo/Documents/UOC/Software development/Semester 5/Software Architecture/PR2/UOC-Spring-2026/spring-2026/scala-course/modules/microcredential/src/main/scala/edu/uoc/epcsd/microcredential/infrastructure/repository/DoobieRepositories.scala. Using presentation compiler with project's scala-library version: 3.3.8[0m
2026.09.04 08:49:00 INFO  no build target found for /home/pablo/Documents/UOC/Software development/Semester 5/Software Architecture/PR2/UOC-Spring-2026/spring-2026/scala-course/modules/microcredential/src/main/scala/edu/uoc/epcsd/microcredential/infrastructure/repository/DoobieRepositories.scala. Using presentation compiler with project's scala-library version: 3.3.8[0m
2026.09.04 08:49:00 INFO  no build target found for /home/pablo/Documents/UOC/Software development/Semester 5/Software Architecture/PR2/UOC-Spring-2026/spring-2026/scala-course/modules/microcredential/src/main/scala/edu/uoc/epcsd/microcredential/infrastructure/repository/DoobieRepositories.scala. Using presentation compiler with project's scala-library version: 3.3.8[0m
2026.09.04 08:49:02 INFO  no build target found for /home/pablo/Documents/UOC/Software development/Semester 5/Software Architecture/PR2/UOC-Spring-2026/spring-2026/scala-course/modules/microcredential/src/main/scala/edu/uoc/epcsd/microcredential/infrastructure/repository/DoobieRepositories.scala. Using presentation compiler with project's scala-library version: 3.3.8[0m
2026.09.04 08:58:52 INFO  no build target found for /home/pablo/Documents/UOC/Software development/Semester 5/Software Architecture/PR2/UOC-Spring-2026/spring-2026/scala-course/modules/user/src/main/scala/edu/uoc/epcsd/user/config/AppConfig.scala. Using presentation compiler with project's scala-library version: 3.3.8[0m
2026.09.04 08:58:52 WARN  no build target for: /home/pablo/Documents/UOC/Software development/Semester 5/Software Architecture/PR2/UOC-Spring-2026/spring-2026/scala-course/modules/user/src/main/scala/edu/uoc/epcsd/user/config/AppConfig.scala[0m
2026.09.04 08:58:52 INFO  no build target found for /home/pablo/Documents/UOC/Software development/Semester 5/Software Architecture/PR2/UOC-Spring-2026/spring-2026/scala-course/modules/user/src/main/scala/edu/uoc/epcsd/user/config/AppConfig.scala. Using presentation compiler with project's scala-library version: 3.3.8[0m
2026.09.04 08:58:52 INFO  no build target found for /home/pablo/Documents/UOC/Software development/Semester 5/Software Architecture/PR2/UOC-Spring-2026/spring-2026/scala-course/modules/user/src/main/scala/edu/uoc/epcsd/user/config/AppConfig.scala. Using presentation compiler with project's scala-library version: 3.3.8[0m
2026.09.04 08:58:52 INFO  no build target found for /home/pablo/Documents/UOC/Software development/Semester 5/Software Architecture/PR2/UOC-Spring-2026/spring-2026/scala-course/modules/user/src/main/scala/edu/uoc/epcsd/user/config/AppConfig.scala. Using presentation compiler with project's scala-library version: 3.3.8[0m
2026.09.04 08:58:52 INFO  no build target found for /home/pablo/Documents/UOC/Software development/Semester 5/Software Architecture/PR2/UOC-Spring-2026/spring-2026/scala-course/modules/user/src/main/scala/edu/uoc/epcsd/user/config/AppConfig.scala. Using presentation compiler with project's scala-library version: 3.3.8[0m
2026.09.04 08:58:54 INFO  no build target found for /home/pablo/Documents/UOC/Software development/Semester 5/Software Architecture/PR2/UOC-Spring-2026/spring-2026/scala-course/modules/user/src/main/scala/edu/uoc/epcsd/user/config/AppConfig.scala. Using presentation compiler with project's scala-library version: 3.3.8[0m
2026.09.04 08:58:54 INFO  no build target found for /home/pablo/Documents/UOC/Software development/Semester 5/Software Architecture/PR2/UOC-Spring-2026/spring-2026/scala-course/modules/user/src/main/scala/edu/uoc/epcsd/user/config/AppConfig.scala. Using presentation compiler with project's scala-library version: 3.3.8[0m
2026.09.04 08:58:56 INFO  no build target found for /home/pablo/Documents/UOC/Software development/Semester 5/Software Architecture/PR2/UOC-Spring-2026/spring-2026/scala-course/modules/user/src/main/scala/edu/uoc/epcsd/user/config/AppConfig.scala. Using presentation compiler with project's scala-library version: 3.3.8[0m
2026.09.04 08:58:58 INFO  no build target found for /home/pablo/Documents/UOC/Software development/Semester 5/Software Architecture/PR2/UOC-Spring-2026/spring-2026/scala-course/modules/user/src/main/scala/edu/uoc/epcsd/user/config/AppConfig.scala. Using presentation compiler with project's scala-library version: 3.3.8[0m
2026.09.04 08:59:17 INFO  no build target found for /home/pablo/Documents/UOC/Software development/Semester 5/Software Architecture/PR2/UOC-Spring-2026/spring-2026/scala-course/modules/user/src/main/scala/edu/uoc/epcsd/user/domain/Algebra.scala. Using presentation compiler with project's scala-library version: 3.3.8[0m
2026.09.04 08:59:17 WARN  no build target for: /home/pablo/Documents/UOC/Software development/Semester 5/Software Architecture/PR2/UOC-Spring-2026/spring-2026/scala-course/modules/user/src/main/scala/edu/uoc/epcsd/user/domain/Algebra.scala[0m
2026.09.04 08:59:17 INFO  no build target found for /home/pablo/Documents/UOC/Software development/Semester 5/Software Architecture/PR2/UOC-Spring-2026/spring-2026/scala-course/modules/user/src/main/scala/edu/uoc/epcsd/user/domain/Algebra.scala. Using presentation compiler with project's scala-library version: 3.3.8[0m
2026.09.04 08:59:17 INFO  no build target found for /home/pablo/Documents/UOC/Software development/Semester 5/Software Architecture/PR2/UOC-Spring-2026/spring-2026/scala-course/modules/user/src/main/scala/edu/uoc/epcsd/user/domain/Algebra.scala. Using presentation compiler with project's scala-library version: 3.3.8[0m
2026.09.04 08:59:17 INFO  no build target found for /home/pablo/Documents/UOC/Software development/Semester 5/Software Architecture/PR2/UOC-Spring-2026/spring-2026/scala-course/modules/user/src/main/scala/edu/uoc/epcsd/user/domain/Algebra.scala. Using presentation compiler with project's scala-library version: 3.3.8[0m
2026.09.04 08:59:18 INFO  no build target found for /home/pablo/Documents/UOC/Software development/Semester 5/Software Architecture/PR2/UOC-Spring-2026/spring-2026/scala-course/modules/user/src/main/scala/edu/uoc/epcsd/user/domain/Algebra.scala. Using presentation compiler with project's scala-library version: 3.3.8[0m
2026.09.04 08:59:18 INFO  no build target found for /home/pablo/Documents/UOC/Software development/Semester 5/Software Architecture/PR2/UOC-Spring-2026/spring-2026/scala-course/modules/user/src/main/scala/edu/uoc/epcsd/user/domain/Algebra.scala. Using presentation compiler with project's scala-library version: 3.3.8[0m
2026.09.04 08:59:18 INFO  no build target found for /home/pablo/Documents/UOC/Software development/Semester 5/Software Architecture/PR2/UOC-Spring-2026/spring-2026/scala-course/modules/user/src/main/scala/edu/uoc/epcsd/user/domain/Algebra.scala. Using presentation compiler with project's scala-library version: 3.3.8[0m
2026.09.04 08:59:19 INFO  no build target found for /home/pablo/Documents/UOC/Software development/Semester 5/Software Architecture/PR2/UOC-Spring-2026/spring-2026/scala-course/modules/user/src/main/scala/edu/uoc/epcsd/user/domain/Algebra.scala. Using presentation compiler with project's scala-library version: 3.3.8[0m
2026.09.04 08:59:19 INFO  no build target found for /home/pablo/Documents/UOC/Software development/Semester 5/Software Architecture/PR2/UOC-Spring-2026/spring-2026/scala-course/modules/user/src/main/scala/edu/uoc/epcsd/user/domain/Algebra.scala. Using presentation compiler with project's scala-library version: 3.3.8[0m
2026.09.04 08:59:19 INFO  no build target found for /home/pablo/Documents/UOC/Software development/Semester 5/Software Architecture/PR2/UOC-Spring-2026/spring-2026/scala-course/modules/user/src/main/scala/edu/uoc/epcsd/user/domain/Algebra.scala. Using presentation compiler with project's scala-library version: 3.3.8[0m
2026.09.04 08:59:19 INFO  no build target found for /home/pablo/Documents/UOC/Software development/Semester 5/Software Architecture/PR2/UOC-Spring-2026/spring-2026/scala-course/modules/user/src/main/scala/edu/uoc/epcsd/user/domain/Algebra.scala. Using presentation compiler with project's scala-library version: 3.3.8[0m
2026.09.04 08:59:19 INFO  no build target found for /home/pablo/Documents/UOC/Software development/Semester 5/Software Architecture/PR2/UOC-Spring-2026/spring-2026/scala-course/modules/user/src/main/scala/edu/uoc/epcsd/user/domain/Algebra.scala. Using presentation compiler with project's scala-library version: 3.3.8[0m
2026.09.04 08:59:19 INFO  no build target found for /home/pablo/Documents/UOC/Software development/Semester 5/Software Architecture/PR2/UOC-Spring-2026/spring-2026/scala-course/modules/user/src/main/scala/edu/uoc/epcsd/user/domain/Algebra.scala. Using presentation compiler with project's scala-library version: 3.3.8[0m
2026.09.04 08:59:21 INFO  no build target found for /home/pablo/Documents/UOC/Software development/Semester 5/Software Architecture/PR2/UOC-Spring-2026/spring-2026/scala-course/modules/user/src/main/scala/edu/uoc/epcsd/user/domain/Algebra.scala. Using presentation compiler with project's scala-library version: 3.3.8[0m
2026.09.04 08:59:23 INFO  no build target found for /home/pablo/Documents/UOC/Software development/Semester 5/Software Architecture/PR2/UOC-Spring-2026/spring-2026/scala-course/modules/user/src/main/scala/edu/uoc/epcsd/user/domain/Algebra.scala. Using presentation compiler with project's scala-library version: 3.3.8[0m
2026.09.04 08:59:23 INFO  no build target found for /home/pablo/Documents/UOC/Software development/Semester 5/Software Architecture/PR2/UOC-Spring-2026/spring-2026/scala-course/modules/user/src/main/scala/edu/uoc/epcsd/user/domain/Algebra.scala. Using presentation compiler with project's scala-library version: 3.3.8[0m
2026.09.04 08:59:23 INFO  no build target found for /home/pablo/Documents/UOC/Software development/Semester 5/Software Architecture/PR2/UOC-Spring-2026/spring-2026/scala-course/modules/user/src/main/scala/edu/uoc/epcsd/user/domain/Algebra.scala. Using presentation compiler with project's scala-library version: 3.3.8[0m
2026.09.04 08:59:30 INFO  no build target found for /home/pablo/Documents/UOC/Software development/Semester 5/Software Architecture/PR2/UOC-Spring-2026/spring-2026/scala-course/modules/user/src/main/scala/edu/uoc/epcsd/user/domain/Algebra.scala. Using presentation compiler with project's scala-library version: 3.3.8[0m
2026.09.04 08:59:30 INFO  no build target found for /home/pablo/Documents/UOC/Software development/Semester 5/Software Architecture/PR2/UOC-Spring-2026/spring-2026/scala-course/modules/user/src/main/scala/edu/uoc/epcsd/user/domain/Algebra.scala. Using presentation compiler with project's scala-library version: 3.3.8[0m
2026.09.04 08:59:33 INFO  no build target found for /home/pablo/Documents/UOC/Software development/Semester 5/Software Architecture/PR2/UOC-Spring-2026/spring-2026/scala-course/modules/user/src/main/scala/edu/uoc/epcsd/user/domain/Algebra.scala. Using presentation compiler with project's scala-library version: 3.3.8[0m
2026.09.04 08:59:36 INFO  no build target found for /home/pablo/Documents/UOC/Software development/Semester 5/Software Architecture/PR2/UOC-Spring-2026/spring-2026/scala-course/modules/user/src/main/scala/edu/uoc/epcsd/user/domain/Algebra.scala. Using presentation compiler with project's scala-library version: 3.3.8[0m
2026.09.04 08:59:37 INFO  no build target found for /home/pablo/Documents/UOC/Software development/Semester 5/Software Architecture/PR2/UOC-Spring-2026/spring-2026/scala-course/modules/user/src/main/scala/edu/uoc/epcsd/user/domain/Algebra.scala. Using presentation compiler with project's scala-library version: 3.3.8[0m
2026.09.04 08:59:49 INFO  no build target found for /home/pablo/Documents/UOC/Software development/Semester 5/Software Architecture/PR2/UOC-Spring-2026/spring-2026/scala-course/modules/user/src/main/scala/edu/uoc/epcsd/user/domain/Codecs.scala. Using presentation compiler with project's scala-library version: 3.3.8[0m
2026.09.04 08:59:49 WARN  no build target for: /home/pablo/Documents/UOC/Software development/Semester 5/Software Architecture/PR2/UOC-Spring-2026/spring-2026/scala-course/modules/user/src/main/scala/edu/uoc/epcsd/user/domain/Codecs.scala[0m
2026.09.04 08:59:49 INFO  no build target found for /home/pablo/Documents/UOC/Software development/Semester 5/Software Architecture/PR2/UOC-Spring-2026/spring-2026/scala-course/modules/user/src/main/scala/edu/uoc/epcsd/user/domain/Codecs.scala. Using presentation compiler with project's scala-library version: 3.3.8[0m
2026.09.04 08:59:49 INFO  no build target found for /home/pablo/Documents/UOC/Software development/Semester 5/Software Architecture/PR2/UOC-Spring-2026/spring-2026/scala-course/modules/user/src/main/scala/edu/uoc/epcsd/user/domain/Codecs.scala. Using presentation compiler with project's scala-library version: 3.3.8[0m
2026.09.04 08:59:49 INFO  no build target found for /home/pablo/Documents/UOC/Software development/Semester 5/Software Architecture/PR2/UOC-Spring-2026/spring-2026/scala-course/modules/user/src/main/scala/edu/uoc/epcsd/user/domain/Codecs.scala. Using presentation compiler with project's scala-library version: 3.3.8[0m
2026.09.04 08:59:53 INFO  no build target found for /home/pablo/Documents/UOC/Software development/Semester 5/Software Architecture/PR2/UOC-Spring-2026/spring-2026/scala-course/modules/user/src/main/scala/edu/uoc/epcsd/user/domain/Error.scala. Using presentation compiler with project's scala-library version: 3.3.8[0m
2026.09.04 08:59:53 WARN  no build target for: /home/pablo/Documents/UOC/Software development/Semester 5/Software Architecture/PR2/UOC-Spring-2026/spring-2026/scala-course/modules/user/src/main/scala/edu/uoc/epcsd/user/domain/Error.scala[0m
2026.09.04 08:59:53 INFO  no build target found for /home/pablo/Documents/UOC/Software development/Semester 5/Software Architecture/PR2/UOC-Spring-2026/spring-2026/scala-course/modules/user/src/main/scala/edu/uoc/epcsd/user/domain/Error.scala. Using presentation compiler with project's scala-library version: 3.3.8[0m
2026.09.04 08:59:53 INFO  no build target found for /home/pablo/Documents/UOC/Software development/Semester 5/Software Architecture/PR2/UOC-Spring-2026/spring-2026/scala-course/modules/user/src/main/scala/edu/uoc/epcsd/user/domain/Error.scala. Using presentation compiler with project's scala-library version: 3.3.8[0m
2026.09.04 08:59:53 INFO  no build target found for /home/pablo/Documents/UOC/Software development/Semester 5/Software Architecture/PR2/UOC-Spring-2026/spring-2026/scala-course/modules/user/src/main/scala/edu/uoc/epcsd/user/domain/Error.scala. Using presentation compiler with project's scala-library version: 3.3.8[0m
2026.09.04 08:59:55 INFO  no build target found for /home/pablo/Documents/UOC/Software development/Semester 5/Software Architecture/PR2/UOC-Spring-2026/spring-2026/scala-course/modules/user/src/main/scala/edu/uoc/epcsd/user/domain/Error.scala. Using presentation compiler with project's scala-library version: 3.3.8[0m
2026.09.04 09:00:01 INFO  no build target found for /home/pablo/Documents/UOC/Software development/Semester 5/Software Architecture/PR2/UOC-Spring-2026/spring-2026/scala-course/modules/user/src/main/scala/edu/uoc/epcsd/user/domain/Model.scala. Using presentation compiler with project's scala-library version: 3.3.8[0m
2026.09.04 09:00:01 WARN  no build target for: /home/pablo/Documents/UOC/Software development/Semester 5/Software Architecture/PR2/UOC-Spring-2026/spring-2026/scala-course/modules/user/src/main/scala/edu/uoc/epcsd/user/domain/Model.scala[0m
2026.09.04 09:00:01 INFO  no build target found for /home/pablo/Documents/UOC/Software development/Semester 5/Software Architecture/PR2/UOC-Spring-2026/spring-2026/scala-course/modules/user/src/main/scala/edu/uoc/epcsd/user/domain/Model.scala. Using presentation compiler with project's scala-library version: 3.3.8[0m
2026.09.04 09:00:01 INFO  no build target found for /home/pablo/Documents/UOC/Software development/Semester 5/Software Architecture/PR2/UOC-Spring-2026/spring-2026/scala-course/modules/user/src/main/scala/edu/uoc/epcsd/user/domain/Model.scala. Using presentation compiler with project's scala-library version: 3.3.8[0m
2026.09.04 09:00:01 INFO  no build target found for /home/pablo/Documents/UOC/Software development/Semester 5/Software Architecture/PR2/UOC-Spring-2026/spring-2026/scala-course/modules/user/src/main/scala/edu/uoc/epcsd/user/domain/Model.scala. Using presentation compiler with project's scala-library version: 3.3.8[0m
2026.09.04 09:00:02 INFO  no build target found for /home/pablo/Documents/UOC/Software development/Semester 5/Software Architecture/PR2/UOC-Spring-2026/spring-2026/scala-course/modules/user/src/main/scala/edu/uoc/epcsd/user/domain/Model.scala. Using presentation compiler with project's scala-library version: 3.3.8[0m
2026.09.04 09:00:02 INFO  no build target found for /home/pablo/Documents/UOC/Software development/Semester 5/Software Architecture/PR2/UOC-Spring-2026/spring-2026/scala-course/modules/user/src/main/scala/edu/uoc/epcsd/user/domain/Model.scala. Using presentation compiler with project's scala-library version: 3.3.8[0m
2026.09.04 09:00:02 INFO  no build target found for /home/pablo/Documents/UOC/Software development/Semester 5/Software Architecture/PR2/UOC-Spring-2026/spring-2026/scala-course/modules/user/src/main/scala/edu/uoc/epcsd/user/domain/Model.scala. Using presentation compiler with project's scala-library version: 3.3.8[0m
2026.09.04 09:00:04 INFO  no build target found for /home/pablo/Documents/UOC/Software development/Semester 5/Software Architecture/PR2/UOC-Spring-2026/spring-2026/scala-course/modules/user/src/main/scala/edu/uoc/epcsd/user/domain/Model.scala. Using presentation compiler with project's scala-library version: 3.3.8[0m
2026.09.04 09:00:04 INFO  no build target found for /home/pablo/Documents/UOC/Software development/Semester 5/Software Architecture/PR2/UOC-Spring-2026/spring-2026/scala-course/modules/user/src/main/scala/edu/uoc/epcsd/user/domain/Model.scala. Using presentation compiler with project's scala-library version: 3.3.8[0m
2026.09.04 09:00:04 INFO  no build target found for /home/pablo/Documents/UOC/Software development/Semester 5/Software Architecture/PR2/UOC-Spring-2026/spring-2026/scala-course/modules/user/src/main/scala/edu/uoc/epcsd/user/domain/Model.scala. Using presentation compiler with project's scala-library version: 3.3.8[0m
2026.09.04 09:00:05 INFO  no build target found for /home/pablo/Documents/UOC/Software development/Semester 5/Software Architecture/PR2/UOC-Spring-2026/spring-2026/scala-course/modules/user/src/main/scala/edu/uoc/epcsd/user/domain/Model.scala. Using presentation compiler with project's scala-library version: 3.3.8[0m
2026.09.04 09:00:07 INFO  no build target found for /home/pablo/Documents/UOC/Software development/Semester 5/Software Architecture/PR2/UOC-Spring-2026/spring-2026/scala-course/modules/user/src/main/scala/edu/uoc/epcsd/user/domain/Model.scala. Using presentation compiler with project's scala-library version: 3.3.8[0m
2026.09.04 09:00:08 INFO  no build target found for /home/pablo/Documents/UOC/Software development/Semester 5/Software Architecture/PR2/UOC-Spring-2026/spring-2026/scala-course/modules/user/src/main/scala/edu/uoc/epcsd/user/domain/Model.scala. Using presentation compiler with project's scala-library version: 3.3.8[0m
2026.09.04 09:00:08 INFO  no build target found for /home/pablo/Documents/UOC/Software development/Semester 5/Software Architecture/PR2/UOC-Spring-2026/spring-2026/scala-course/modules/user/src/main/scala/edu/uoc/epcsd/user/domain/Model.scala. Using presentation compiler with project's scala-library version: 3.3.8[0m
2026.09.04 09:00:11 INFO  no build target found for /home/pablo/Documents/UOC/Software development/Semester 5/Software Architecture/PR2/UOC-Spring-2026/spring-2026/scala-course/modules/user/src/main/scala/edu/uoc/epcsd/user/domain/Model.scala. Using presentation compiler with project's scala-library version: 3.3.8[0m
2026.09.04 09:00:11 INFO  no build target found for /home/pablo/Documents/UOC/Software development/Semester 5/Software Architecture/PR2/UOC-Spring-2026/spring-2026/scala-course/modules/user/src/main/scala/edu/uoc/epcsd/user/domain/Model.scala. Using presentation compiler with project's scala-library version: 3.3.8[0m
2026.09.04 09:00:11 INFO  no build target found for /home/pablo/Documents/UOC/Software development/Semester 5/Software Architecture/PR2/UOC-Spring-2026/spring-2026/scala-course/modules/user/src/main/scala/edu/uoc/epcsd/user/domain/Model.scala. Using presentation compiler with project's scala-library version: 3.3.8[0m
2026.09.04 09:00:11 INFO  no build target found for /home/pablo/Documents/UOC/Software development/Semester 5/Software Architecture/PR2/UOC-Spring-2026/spring-2026/scala-course/modules/user/src/main/scala/edu/uoc/epcsd/user/domain/Model.scala. Using presentation compiler with project's scala-library version: 3.3.8[0m
2026.09.04 09:00:12 INFO  no build target found for /home/pablo/Documents/UOC/Software development/Semester 5/Software Architecture/PR2/UOC-Spring-2026/spring-2026/scala-course/modules/user/src/main/scala/edu/uoc/epcsd/user/domain/Model.scala. Using presentation compiler with project's scala-library version: 3.3.8[0m
2026.09.04 09:00:12 INFO  no build target found for /home/pablo/Documents/UOC/Software development/Semester 5/Software Architecture/PR2/UOC-Spring-2026/spring-2026/scala-course/modules/user/src/main/scala/edu/uoc/epcsd/user/domain/Model.scala. Using presentation compiler with project's scala-library version: 3.3.8[0m
2026.09.04 09:00:12 INFO  no build target found for /home/pablo/Documents/UOC/Software development/Semester 5/Software Architecture/PR2/UOC-Spring-2026/spring-2026/scala-course/modules/user/src/main/scala/edu/uoc/epcsd/user/domain/Model.scala. Using presentation compiler with project's scala-library version: 3.3.8[0m
2026.09.04 09:02:24 INFO  no build target found for /home/pablo/Documents/UOC/Software development/Semester 5/Software Architecture/PR2/UOC-Spring-2026/spring-2026/scala-course/modules/user/src/main/scala/edu/uoc/epcsd/user/service/UserService.scala. Using presentation compiler with project's scala-library version: 3.3.8[0m
2026.09.04 09:02:24 WARN  no build target for: /home/pablo/Documents/UOC/Software development/Semester 5/Software Architecture/PR2/UOC-Spring-2026/spring-2026/scala-course/modules/user/src/main/scala/edu/uoc/epcsd/user/service/UserService.scala[0m
2026.09.04 09:02:24 INFO  no build target found for /home/pablo/Documents/UOC/Software development/Semester 5/Software Architecture/PR2/UOC-Spring-2026/spring-2026/scala-course/modules/user/src/main/scala/edu/uoc/epcsd/user/service/UserService.scala. Using presentation compiler with project's scala-library version: 3.3.8[0m
2026.09.04 09:02:24 INFO  no build target found for /home/pablo/Documents/UOC/Software development/Semester 5/Software Architecture/PR2/UOC-Spring-2026/spring-2026/scala-course/modules/user/src/main/scala/edu/uoc/epcsd/user/service/UserService.scala. Using presentation compiler with project's scala-library version: 3.3.8[0m
2026.09.04 09:02:24 INFO  no build target found for /home/pablo/Documents/UOC/Software development/Semester 5/Software Architecture/PR2/UOC-Spring-2026/spring-2026/scala-course/modules/user/src/main/scala/edu/uoc/epcsd/user/service/UserService.scala. Using presentation compiler with project's scala-library version: 3.3.8[0m
2026.09.04 09:02:24 INFO  no build target found for /home/pablo/Documents/UOC/Software development/Semester 5/Software Architecture/PR2/UOC-Spring-2026/spring-2026/scala-course/modules/user/src/main/scala/edu/uoc/epcsd/user/service/UserService.scala. Using presentation compiler with project's scala-library version: 3.3.8[0m
2026.09.04 09:02:26 INFO  no build target found for /home/pablo/Documents/UOC/Software development/Semester 5/Software Architecture/PR2/UOC-Spring-2026/spring-2026/scala-course/modules/user/src/main/scala/edu/uoc/epcsd/user/service/UserService.scala. Using presentation compiler with project's scala-library version: 3.3.8[0m
2026.09.04 09:02:26 INFO  no build target found for /home/pablo/Documents/UOC/Software development/Semester 5/Software Architecture/PR2/UOC-Spring-2026/spring-2026/scala-course/modules/user/src/main/scala/edu/uoc/epcsd/user/service/UserService.scala. Using presentation compiler with project's scala-library version: 3.3.8[0m
2026.09.04 09:02:27 INFO  no build target found for /home/pablo/Documents/UOC/Software development/Semester 5/Software Architecture/PR2/UOC-Spring-2026/spring-2026/scala-course/modules/user/src/main/scala/edu/uoc/epcsd/user/service/UserService.scala. Using presentation compiler with project's scala-library version: 3.3.8[0m
2026.09.04 09:02:28 INFO  no build target found for /home/pablo/Documents/UOC/Software development/Semester 5/Software Architecture/PR2/UOC-Spring-2026/spring-2026/scala-course/modules/user/src/main/scala/edu/uoc/epcsd/user/service/UserService.scala. Using presentation compiler with project's scala-library version: 3.3.8[0m
2026.09.04 09:02:28 INFO  no build target found for /home/pablo/Documents/UOC/Software development/Semester 5/Software Architecture/PR2/UOC-Spring-2026/spring-2026/scala-course/modules/user/src/main/scala/edu/uoc/epcsd/user/service/UserService.scala. Using presentation compiler with project's scala-library version: 3.3.8[0m
2026.09.04 09:02:31 INFO  no build target found for /home/pablo/Documents/UOC/Software development/Semester 5/Software Architecture/PR2/UOC-Spring-2026/spring-2026/scala-course/modules/user/src/main/scala/edu/uoc/epcsd/user/service/UserService.scala. Using presentation compiler with project's scala-library version: 3.3.8[0m
2026.09.04 09:09:34 INFO  no build target found for /home/pablo/Documents/UOC/Software development/Semester 5/Software Architecture/PR2/UOC-Spring-2026/spring-2026/scala-course/modules/user/src/main/scala/edu/uoc/epcsd/user/service/UserService.scala. Using presentation compiler with project's scala-library version: 3.3.8[0m
2026.09.04 09:09:36 INFO  no build target found for /home/pablo/Documents/UOC/Software development/Semester 5/Software Architecture/PR2/UOC-Spring-2026/spring-2026/scala-course/modules/user/src/main/scala/edu/uoc/epcsd/user/service/UserService.scala. Using presentation compiler with project's scala-library version: 3.3.8[0m
2026.09.04 09:09:37 INFO  no build target found for /home/pablo/Documents/UOC/Software development/Semester 5/Software Architecture/PR2/UOC-Spring-2026/spring-2026/scala-course/modules/user/src/main/scala/edu/uoc/epcsd/user/service/UserService.scala. Using presentation compiler with project's scala-library version: 3.3.8[0m
2026.09.04 09:09:37 INFO  no build target found for /home/pablo/Documents/UOC/Software development/Semester 5/Software Architecture/PR2/UOC-Spring-2026/spring-2026/scala-course/modules/user/src/main/scala/edu/uoc/epcsd/user/service/UserService.scala. Using presentation compiler with project's scala-library version: 3.3.8[0m
2026.09.04 09:09:37 INFO  no build target found for /home/pablo/Documents/UOC/Software development/Semester 5/Software Architecture/PR2/UOC-Spring-2026/spring-2026/scala-course/modules/user/src/main/scala/edu/uoc/epcsd/user/service/UserService.scala. Using presentation compiler with project's scala-library version: 3.3.8[0m
2026.09.04 09:09:37 INFO  no build target found for /home/pablo/Documents/UOC/Software development/Semester 5/Software Architecture/PR2/UOC-Spring-2026/spring-2026/scala-course/modules/user/src/main/scala/edu/uoc/epcsd/user/service/UserService.scala. Using presentation compiler with project's scala-library version: 3.3.8[0m
2026.09.04 09:09:40 INFO  no build target found for /home/pablo/Documents/UOC/Software development/Semester 5/Software Architecture/PR2/UOC-Spring-2026/spring-2026/scala-course/modules/user/src/main/scala/edu/uoc/epcsd/user/service/UserService.scala. Using presentation compiler with project's scala-library version: 3.3.8[0m
2026.09.04 09:09:45 INFO  no build target found for /home/pablo/Documents/UOC/Software development/Semester 5/Software Architecture/PR2/UOC-Spring-2026/spring-2026/scala-course/modules/user/src/main/scala/edu/uoc/epcsd/user/service/UserService.scala. Using presentation compiler with project's scala-library version: 3.3.8[0m
2026.09.04 09:09:48 INFO  no build target found for /home/pablo/Documents/UOC/Software development/Semester 5/Software Architecture/PR2/UOC-Spring-2026/spring-2026/scala-course/modules/user/src/main/scala/edu/uoc/epcsd/user/Main.scala. Using presentation compiler with project's scala-library version: 3.3.8[0m
2026.09.04 09:09:48 WARN  no build target for: /home/pablo/Documents/UOC/Software development/Semester 5/Software Architecture/PR2/UOC-Spring-2026/spring-2026/scala-course/modules/user/src/main/scala/edu/uoc/epcsd/user/Main.scala[0m
2026.09.04 09:09:48 INFO  no build target found for /home/pablo/Documents/UOC/Software development/Semester 5/Software Architecture/PR2/UOC-Spring-2026/spring-2026/scala-course/modules/user/src/main/scala/edu/uoc/epcsd/user/Main.scala. Using presentation compiler with project's scala-library version: 3.3.8[0m
2026.09.04 09:09:48 INFO  no build target found for /home/pablo/Documents/UOC/Software development/Semester 5/Software Architecture/PR2/UOC-Spring-2026/spring-2026/scala-course/modules/user/src/main/scala/edu/uoc/epcsd/user/Main.scala. Using presentation compiler with project's scala-library version: 3.3.8[0m
2026.09.04 09:09:48 INFO  no build target found for /home/pablo/Documents/UOC/Software development/Semester 5/Software Architecture/PR2/UOC-Spring-2026/spring-2026/scala-course/modules/user/src/main/scala/edu/uoc/epcsd/user/Main.scala. Using presentation compiler with project's scala-library version: 3.3.8[0m
2026.09.04 09:09:50 INFO  no build target found for /home/pablo/Documents/UOC/Software development/Semester 5/Software Architecture/PR2/UOC-Spring-2026/spring-2026/scala-course/modules/user/src/main/scala/edu/uoc/epcsd/user/Main.scala. Using presentation compiler with project's scala-library version: 3.3.8[0m
2026.09.04 09:09:50 INFO  no build target found for /home/pablo/Documents/UOC/Software development/Semester 5/Software Architecture/PR2/UOC-Spring-2026/spring-2026/scala-course/modules/user/src/main/scala/edu/uoc/epcsd/user/Main.scala. Using presentation compiler with project's scala-library version: 3.3.8[0m
2026.09.04 09:09:50 INFO  no build target found for /home/pablo/Documents/UOC/Software development/Semester 5/Software Architecture/PR2/UOC-Spring-2026/spring-2026/scala-course/modules/user/src/main/scala/edu/uoc/epcsd/user/Main.scala. Using presentation compiler with project's scala-library version: 3.3.8[0m
2026.09.04 09:09:50 INFO  no build target found for /home/pablo/Documents/UOC/Software development/Semester 5/Software Architecture/PR2/UOC-Spring-2026/spring-2026/scala-course/modules/user/src/main/scala/edu/uoc/epcsd/user/Main.scala. Using presentation compiler with project's scala-library version: 3.3.8[0m
2026.09.04 09:09:50 INFO  no build target found for /home/pablo/Documents/UOC/Software development/Semester 5/Software Architecture/PR2/UOC-Spring-2026/spring-2026/scala-course/modules/user/src/main/scala/edu/uoc/epcsd/user/Main.scala. Using presentation compiler with project's scala-library version: 3.3.8[0m
2026.09.04 09:09:51 INFO  no build target found for /home/pablo/Documents/UOC/Software development/Semester 5/Software Architecture/PR2/UOC-Spring-2026/spring-2026/scala-course/modules/user/src/main/scala/edu/uoc/epcsd/user/Main.scala. Using presentation compiler with project's scala-library version: 3.3.8[0m
2026.09.04 09:09:51 INFO  no build target found for /home/pablo/Documents/UOC/Software development/Semester 5/Software Architecture/PR2/UOC-Spring-2026/spring-2026/scala-course/modules/user/src/main/scala/edu/uoc/epcsd/user/Main.scala. Using presentation compiler with project's scala-library version: 3.3.8[0m
2026.09.04 09:09:51 INFO  no build target found for /home/pablo/Documents/UOC/Software development/Semester 5/Software Architecture/PR2/UOC-Spring-2026/spring-2026/scala-course/modules/user/src/main/scala/edu/uoc/epcsd/user/Main.scala. Using presentation compiler with project's scala-library version: 3.3.8[0m
2026.09.04 09:09:53 INFO  no build target found for /home/pablo/Documents/UOC/Software development/Semester 5/Software Architecture/PR2/UOC-Spring-2026/spring-2026/scala-course/modules/user/src/main/scala/edu/uoc/epcsd/user/Main.scala. Using presentation compiler with project's scala-library version: 3.3.8[0m
2026.09.04 09:09:56 INFO  no build target found for /home/pablo/Documents/UOC/Software development/Semester 5/Software Architecture/PR2/UOC-Spring-2026/spring-2026/scala-course/modules/user/src/main/scala/edu/uoc/epcsd/user/Main.scala. Using presentation compiler with project's scala-library version: 3.3.8[0m
2026.09.04 09:09:57 INFO  no build target found for /home/pablo/Documents/UOC/Software development/Semester 5/Software Architecture/PR2/UOC-Spring-2026/spring-2026/scala-course/modules/user/src/main/scala/edu/uoc/epcsd/user/Main.scala. Using presentation compiler with project's scala-library version: 3.3.8[0m
2026.09.04 09:09:57 INFO  no build target found for /home/pablo/Documents/UOC/Software development/Semester 5/Software Architecture/PR2/UOC-Spring-2026/spring-2026/scala-course/modules/user/src/main/scala/edu/uoc/epcsd/user/Main.scala. Using presentation compiler with project's scala-library version: 3.3.8[0m
2026.09.04 09:09:59 INFO  no build target found for /home/pablo/Documents/UOC/Software development/Semester 5/Software Architecture/PR2/UOC-Spring-2026/spring-2026/scala-course/modules/user/src/main/scala/edu/uoc/epcsd/user/Main.scala. Using presentation compiler with project's scala-library version: 3.3.8[0m
2026.09.04 09:12:04 INFO  no build target found for /home/pablo/Documents/UOC/Software development/Semester 5/Software Architecture/PR2/UOC-Spring-2026/spring-2026/scala-course/modules/user/src/main/scala/edu/uoc/epcsd/user/Main.scala. Using presentation compiler with project's scala-library version: 3.3.8[0m
2026.09.04 09:12:54 INFO  no build target found for /home/pablo/Documents/UOC/Software development/Semester 5/Software Architecture/PR2/UOC-Spring-2026/spring-2026/scala-course/modules/user/src/main/scala/edu/uoc/epcsd/user/Main.scala. Using presentation compiler with project's scala-library version: 3.3.8[0m
2026.09.04 09:14:46 INFO  no build target found for /home/pablo/Documents/UOC/Software development/Semester 5/Software Architecture/PR2/UOC-Spring-2026/spring-2026/scala-course/modules/user/src/main/scala/edu/uoc/epcsd/user/Main.scala. Using presentation compiler with project's scala-library version: 3.3.8[0m
Sep 04, 2026 9:15:54 AM org.eclipse.lsp4j.jsonrpc.RemoteEndpoint handleCancellation
WARNING: Unmatched cancel notification for request id 3553
2026.09.04 09:16:37 WARN  Could not load snapshot text for /home/pablo/Documents/UOC/Software development/Semester 5/Software Architecture/PR2/UOC-Spring-2026/spring-2026/scala-course/modules/course/src/main/scala/edu/uoc/epcsd/course/service/CourseService.scala[0m
2026.09.04 09:16:37 INFO  compiling course (5 scala sources)[0m
2026.09.04 09:16:40 INFO  time: compiled course in 3.12s[0m
2026.09.04 09:16:40 WARN  Could not load snapshot text for /home/pablo/Documents/UOC/Software development/Semester 5/Software Architecture/PR2/UOC-Spring-2026/spring-2026/scala-course/modules/course/src/main/scala/edu/uoc/epcsd/course/service/CourseService.scala[0m
Sep 04, 2026 9:16:40 AM org.eclipse.lsp4j.jsonrpc.RemoteEndpoint handleCancellation
WARNING: Unmatched cancel notification for request id 3636
2026.09.04 09:16:40 WARN  Could not load snapshot text for /home/pablo/Documents/UOC/Software development/Semester 5/Software Architecture/PR2/UOC-Spring-2026/spring-2026/scala-course/modules/course/src/main/scala/edu/uoc/epcsd/course/service/CourseService.scala[0m
2026.09.04 09:16:55 WARN  Could not load snapshot text for /home/pablo/Documents/UOC/Software development/Semester 5/Software Architecture/PR2/UOC-Spring-2026/spring-2026/scala-course/modules/course/src/main/scala/edu/uoc/epcsd/course/service/CourseService.scala[0m
2026.09.04 09:16:57 WARN  Could not load snapshot text for /home/pablo/Documents/UOC/Software development/Semester 5/Software Architecture/PR2/UOC-Spring-2026/spring-2026/scala-course/modules/course/src/main/scala/edu/uoc/epcsd/course/service/CourseService.scala[0m
2026.09.04 09:16:58 WARN  Could not load snapshot text for /home/pablo/Documents/UOC/Software development/Semester 5/Software Architecture/PR2/UOC-Spring-2026/spring-2026/scala-course/modules/course/src/main/scala/edu/uoc/epcsd/course/service/CourseService.scala[0m
2026.09.04 09:16:59 WARN  Could not load snapshot text for /home/pablo/Documents/UOC/Software development/Semester 5/Software Architecture/PR2/UOC-Spring-2026/spring-2026/scala-course/modules/course/src/main/scala/edu/uoc/epcsd/course/service/CourseService.scala[0m
2026.09.04 09:17:02 WARN  Could not load snapshot text for /home/pablo/Documents/UOC/Software development/Semester 5/Software Architecture/PR2/UOC-Spring-2026/spring-2026/scala-course/modules/course/src/main/scala/edu/uoc/epcsd/course/service/CourseService.scala[0m
2026.09.04 09:17:05 WARN  Could not load snapshot text for /home/pablo/Documents/UOC/Software development/Semester 5/Software Architecture/PR2/UOC-Spring-2026/spring-2026/scala-course/modules/course/src/main/scala/edu/uoc/epcsd/course/service/CourseService.scala[0m
2026.09.04 09:17:10 WARN  Could not load snapshot text for /home/pablo/Documents/UOC/Software development/Semester 5/Software Architecture/PR2/UOC-Spring-2026/spring-2026/scala-course/modules/course/src/main/scala/edu/uoc/epcsd/course/service/CourseService.scala[0m
2026.09.04 09:17:11 WARN  Could not load snapshot text for /home/pablo/Documents/UOC/Software development/Semester 5/Software Architecture/PR2/UOC-Spring-2026/spring-2026/scala-course/modules/course/src/main/scala/edu/uoc/epcsd/course/service/CourseService.scala[0m
2026.09.04 09:17:14 WARN  Could not load snapshot text for /home/pablo/Documents/UOC/Software development/Semester 5/Software Architecture/PR2/UOC-Spring-2026/spring-2026/scala-course/modules/course/src/main/scala/edu/uoc/epcsd/course/service/CourseService.scala[0m
2026.09.04 09:17:15 WARN  Could not load snapshot text for /home/pablo/Documents/UOC/Software development/Semester 5/Software Architecture/PR2/UOC-Spring-2026/spring-2026/scala-course/modules/course/src/main/scala/edu/uoc/epcsd/course/service/CourseService.scala[0m
2026.09.04 09:17:17 WARN  Could not load snapshot text for /home/pablo/Documents/UOC/Software development/Semester 5/Software Architecture/PR2/UOC-Spring-2026/spring-2026/scala-course/modules/course/src/main/scala/edu/uoc/epcsd/course/service/CourseService.scala[0m
2026.09.04 09:17:23 INFO  compiling course (4 scala sources)[0m
2026.09.04 09:17:23 INFO  time: compiled course in 0.57s[0m
Sep 04, 2026 9:17:24 AM org.eclipse.lsp4j.jsonrpc.RemoteEndpoint handleCancellation
WARNING: Unmatched cancel notification for request id 3694
Sep 04, 2026 9:17:24 AM org.eclipse.lsp4j.jsonrpc.RemoteEndpoint handleCancellation
WARNING: Unmatched cancel notification for request id 3696
Sep 04, 2026 9:31:35 AM org.eclipse.lsp4j.jsonrpc.RemoteEndpoint handleCancellation
WARNING: Unmatched cancel notification for request id 3764
2026.09.04 09:32:39 INFO  no build target found for /home/pablo/Documents/UOC/Software development/Semester 5/Software Architecture/PR2/UOC-Spring-2026/spring-2026/scala-course/Gemini/CourseService.scala. Using presentation compiler with project's scala-library version: 3.3.8[0m
2026.09.04 09:32:39 WARN  no build target for: /home/pablo/Documents/UOC/Software development/Semester 5/Software Architecture/PR2/UOC-Spring-2026/spring-2026/scala-course/Gemini/CourseService.scala[0m
2026.09.04 09:32:39 INFO  no build target found for /home/pablo/Documents/UOC/Software development/Semester 5/Software Architecture/PR2/UOC-Spring-2026/spring-2026/scala-course/Gemini/CourseService.scala. Using presentation compiler with project's scala-library version: 3.3.8[0m
2026.09.04 09:32:39 INFO  no build target found for /home/pablo/Documents/UOC/Software development/Semester 5/Software Architecture/PR2/UOC-Spring-2026/spring-2026/scala-course/Gemini/CourseService.scala. Using presentation compiler with project's scala-library version: 3.3.8[0m
2026.09.04 09:32:39 INFO  no build target found for /home/pablo/Documents/UOC/Software development/Semester 5/Software Architecture/PR2/UOC-Spring-2026/spring-2026/scala-course/Gemini/CourseService.scala. Using presentation compiler with project's scala-library version: 3.3.8[0m
2026.09.04 09:32:41 INFO  no build target found for /home/pablo/Documents/UOC/Software development/Semester 5/Software Architecture/PR2/UOC-Spring-2026/spring-2026/scala-course/Gemini/CourseService.scala. Using presentation compiler with project's scala-library version: 3.3.8[0m
2026.09.04 09:32:41 INFO  no build target found for /home/pablo/Documents/UOC/Software development/Semester 5/Software Architecture/PR2/UOC-Spring-2026/spring-2026/scala-course/Gemini/CourseService.scala. Using presentation compiler with project's scala-library version: 3.3.8[0m
2026.09.04 09:32:41 INFO  no build target found for /home/pablo/Documents/UOC/Software development/Semester 5/Software Architecture/PR2/UOC-Spring-2026/spring-2026/scala-course/Gemini/CourseService.scala. Using presentation compiler with project's scala-library version: 3.3.8[0m
2026.09.04 09:32:41 INFO  no build target found for /home/pablo/Documents/UOC/Software development/Semester 5/Software Architecture/PR2/UOC-Spring-2026/spring-2026/scala-course/Gemini/CourseService.scala. Using presentation compiler with project's scala-library version: 3.3.8[0m
2026.09.04 09:32:41 INFO  no build target found for /home/pablo/Documents/UOC/Software development/Semester 5/Software Architecture/PR2/UOC-Spring-2026/spring-2026/scala-course/Gemini/CourseService.scala. Using presentation compiler with project's scala-library version: 3.3.8[0m
2026.09.04 09:32:41 INFO  no build target found for /home/pablo/Documents/UOC/Software development/Semester 5/Software Architecture/PR2/UOC-Spring-2026/spring-2026/scala-course/Gemini/CourseService.scala. Using presentation compiler with project's scala-library version: 3.3.8[0m
2026.09.04 09:32:44 INFO  no build target found for /home/pablo/Documents/UOC/Software development/Semester 5/Software Architecture/PR2/UOC-Spring-2026/spring-2026/scala-course/Gemini/CourseService.scala. Using presentation compiler with project's scala-library version: 3.3.8[0m
2026.09.04 09:32:46 INFO  no build target found for /home/pablo/Documents/UOC/Software development/Semester 5/Software Architecture/PR2/UOC-Spring-2026/spring-2026/scala-course/Gemini/CourseService.scala. Using presentation compiler with project's scala-library version: 3.3.8[0m
2026.09.04 09:32:47 INFO  no build target found for /home/pablo/Documents/UOC/Software development/Semester 5/Software Architecture/PR2/UOC-Spring-2026/spring-2026/scala-course/Gemini/CourseService.scala. Using presentation compiler with project's scala-library version: 3.3.8[0m
2026.09.04 09:32:48 INFO  no build target found for /home/pablo/Documents/UOC/Software development/Semester 5/Software Architecture/PR2/UOC-Spring-2026/spring-2026/scala-course/Gemini/CourseService.scala. Using presentation compiler with project's scala-library version: 3.3.8[0m
2026.09.04 09:32:48 INFO  no build target found for /home/pablo/Documents/UOC/Software development/Semester 5/Software Architecture/PR2/UOC-Spring-2026/spring-2026/scala-course/Gemini/CourseService.scala. Using presentation compiler with project's scala-library version: 3.3.8[0m
2026.09.04 09:32:53 INFO  no build target found for /home/pablo/Documents/UOC/Software development/Semester 5/Software Architecture/PR2/UOC-Spring-2026/spring-2026/scala-course/Gemini/CourseService.scala. Using presentation compiler with project's scala-library version: 3.3.8[0m
2026.09.04 09:32:55 INFO  no build target found for /home/pablo/Documents/UOC/Software development/Semester 5/Software Architecture/PR2/UOC-Spring-2026/spring-2026/scala-course/Gemini/CourseService.scala. Using presentation compiler with project's scala-library version: 3.3.8[0m
2026.09.04 09:32:57 INFO  no build target found for /home/pablo/Documents/UOC/Software development/Semester 5/Software Architecture/PR2/UOC-Spring-2026/spring-2026/scala-course/Gemini/CourseService.scala. Using presentation compiler with project's scala-library version: 3.3.8[0m
2026.09.04 09:32:58 INFO  no build target found for /home/pablo/Documents/UOC/Software development/Semester 5/Software Architecture/PR2/UOC-Spring-2026/spring-2026/scala-course/Gemini/CourseService.scala. Using presentation compiler with project's scala-library version: 3.3.8[0m
2026.09.04 09:32:58 INFO  no build target found for /home/pablo/Documents/UOC/Software development/Semester 5/Software Architecture/PR2/UOC-Spring-2026/spring-2026/scala-course/Gemini/CourseService.scala. Using presentation compiler with project's scala-library version: 3.3.8[0m
2026.09.04 09:33:00 INFO  no build target found for /home/pablo/Documents/UOC/Software development/Semester 5/Software Architecture/PR2/UOC-Spring-2026/spring-2026/scala-course/Gemini/CourseService.scala. Using presentation compiler with project's scala-library version: 3.3.8[0m
2026.09.04 09:33:01 INFO  no build target found for /home/pablo/Documents/UOC/Software development/Semester 5/Software Architecture/PR2/UOC-Spring-2026/spring-2026/scala-course/Gemini/CourseService.scala. Using presentation compiler with project's scala-library version: 3.3.8[0m
2026.09.04 09:33:03 INFO  no build target found for /home/pablo/Documents/UOC/Software development/Semester 5/Software Architecture/PR2/UOC-Spring-2026/spring-2026/scala-course/Gemini/CourseService.scala. Using presentation compiler with project's scala-library version: 3.3.8[0m
2026.09.04 09:33:04 INFO  no build target found for /home/pablo/Documents/UOC/Software development/Semester 5/Software Architecture/PR2/UOC-Spring-2026/spring-2026/scala-course/Gemini/CourseService.scala. Using presentation compiler with project's scala-library version: 3.3.8[0m
2026.09.04 09:33:04 INFO  no build target found for /home/pablo/Documents/UOC/Software development/Semester 5/Software Architecture/PR2/UOC-Spring-2026/spring-2026/scala-course/Gemini/CourseService.scala. Using presentation compiler with project's scala-library version: 3.3.8[0m
2026.09.04 09:33:05 INFO  no build target found for /home/pablo/Documents/UOC/Software development/Semester 5/Software Architecture/PR2/UOC-Spring-2026/spring-2026/scala-course/Gemini/CourseService.scala. Using presentation compiler with project's scala-library version: 3.3.8[0m
2026.09.04 09:33:05 INFO  no build target found for /home/pablo/Documents/UOC/Software development/Semester 5/Software Architecture/PR2/UOC-Spring-2026/spring-2026/scala-course/Gemini/CourseService.scala. Using presentation compiler with project's scala-library version: 3.3.8[0m
2026.09.04 09:33:07 INFO  no build target found for /home/pablo/Documents/UOC/Software development/Semester 5/Software Architecture/PR2/UOC-Spring-2026/spring-2026/scala-course/Gemini/CourseService.scala. Using presentation compiler with project's scala-library version: 3.3.8[0m
2026.09.04 09:33:07 INFO  no build target found for /home/pablo/Documents/UOC/Software development/Semester 5/Software Architecture/PR2/UOC-Spring-2026/spring-2026/scala-course/Gemini/CourseService.scala. Using presentation compiler with project's scala-library version: 3.3.8[0m
2026.09.04 09:33:09 INFO  no build target found for /home/pablo/Documents/UOC/Software development/Semester 5/Software Architecture/PR2/UOC-Spring-2026/spring-2026/scala-course/Gemini/CourseService.scala. Using presentation compiler with project's scala-library version: 3.3.8[0m
2026.09.04 09:33:09 INFO  no build target found for /home/pablo/Documents/UOC/Software development/Semester 5/Software Architecture/PR2/UOC-Spring-2026/spring-2026/scala-course/Gemini/CourseService.scala. Using presentation compiler with project's scala-library version: 3.3.8[0m
2026.09.04 09:33:11 INFO  no build target found for /home/pablo/Documents/UOC/Software development/Semester 5/Software Architecture/PR2/UOC-Spring-2026/spring-2026/scala-course/Gemini/CourseService.scala. Using presentation compiler with project's scala-library version: 3.3.8[0m
2026.09.04 09:33:19 INFO  no build target found for /home/pablo/Documents/UOC/Software development/Semester 5/Software Architecture/PR2/UOC-Spring-2026/spring-2026/scala-course/Gemini/CourseService.scala. Using presentation compiler with project's scala-library version: 3.3.8[0m
2026.09.04 09:33:19 INFO  no build target found for /home/pablo/Documents/UOC/Software development/Semester 5/Software Architecture/PR2/UOC-Spring-2026/spring-2026/scala-course/Gemini/CourseService.scala. Using presentation compiler with project's scala-library version: 3.3.8[0m
2026.09.04 09:33:21 INFO  no build target found for /home/pablo/Documents/UOC/Software development/Semester 5/Software Architecture/PR2/UOC-Spring-2026/spring-2026/scala-course/Gemini/CourseService.scala. Using presentation compiler with project's scala-library version: 3.3.8[0m
2026.09.04 09:33:22 INFO  no build target found for /home/pablo/Documents/UOC/Software development/Semester 5/Software Architecture/PR2/UOC-Spring-2026/spring-2026/scala-course/Gemini/CourseService.scala. Using presentation compiler with project's scala-library version: 3.3.8[0m
2026.09.04 09:33:22 INFO  no build target found for /home/pablo/Documents/UOC/Software development/Semester 5/Software Architecture/PR2/UOC-Spring-2026/spring-2026/scala-course/Gemini/CourseService.scala. Using presentation compiler with project's scala-library version: 3.3.8[0m
2026.09.04 09:33:24 INFO  no build target found for /home/pablo/Documents/UOC/Software development/Semester 5/Software Architecture/PR2/UOC-Spring-2026/spring-2026/scala-course/Gemini/CourseService.scala. Using presentation compiler with project's scala-library version: 3.3.8[0m
2026.09.04 09:33:24 INFO  no build target found for /home/pablo/Documents/UOC/Software development/Semester 5/Software Architecture/PR2/UOC-Spring-2026/spring-2026/scala-course/Gemini/CourseService.scala. Using presentation compiler with project's scala-library version: 3.3.8[0m
2026.09.04 09:33:26 INFO  no build target found for /home/pablo/Documents/UOC/Software development/Semester 5/Software Architecture/PR2/UOC-Spring-2026/spring-2026/scala-course/Gemini/CourseService.scala. Using presentation compiler with project's scala-library version: 3.3.8[0m
2026.09.04 09:33:26 INFO  no build target found for /home/pablo/Documents/UOC/Software development/Semester 5/Software Architecture/PR2/UOC-Spring-2026/spring-2026/scala-course/Gemini/CourseService.scala. Using presentation compiler with project's scala-library version: 3.3.8[0m
2026.09.04 09:33:28 INFO  no build target found for /home/pablo/Documents/UOC/Software development/Semester 5/Software Architecture/PR2/UOC-Spring-2026/spring-2026/scala-course/Gemini/CourseService.scala. Using presentation compiler with project's scala-library version: 3.3.8[0m
2026.09.04 09:33:30 INFO  no build target found for /home/pablo/Documents/UOC/Software development/Semester 5/Software Architecture/PR2/UOC-Spring-2026/spring-2026/scala-course/Gemini/CourseService.scala. Using presentation compiler with project's scala-library version: 3.3.8[0m
2026.09.04 09:33:31 INFO  no build target found for /home/pablo/Documents/UOC/Software development/Semester 5/Software Architecture/PR2/UOC-Spring-2026/spring-2026/scala-course/Gemini/CourseService.scala. Using presentation compiler with project's scala-library version: 3.3.8[0m
2026.09.04 09:33:32 INFO  no build target found for /home/pablo/Documents/UOC/Software development/Semester 5/Software Architecture/PR2/UOC-Spring-2026/spring-2026/scala-course/Gemini/CourseService.scala. Using presentation compiler with project's scala-library version: 3.3.8[0m
2026.09.04 09:33:32 INFO  no build target found for /home/pablo/Documents/UOC/Software development/Semester 5/Software Architecture/PR2/UOC-Spring-2026/spring-2026/scala-course/Gemini/CourseService.scala. Using presentation compiler with project's scala-library version: 3.3.8[0m
2026.09.04 09:33:34 INFO  no build target found for /home/pablo/Documents/UOC/Software development/Semester 5/Software Architecture/PR2/UOC-Spring-2026/spring-2026/scala-course/Gemini/CourseService.scala. Using presentation compiler with project's scala-library version: 3.3.8[0m
2026.09.04 09:33:34 INFO  no build target found for /home/pablo/Documents/UOC/Software development/Semester 5/Software Architecture/PR2/UOC-Spring-2026/spring-2026/scala-course/Gemini/CourseService.scala. Using presentation compiler with project's scala-library version: 3.3.8[0m
2026.09.04 09:33:36 INFO  no build target found for /home/pablo/Documents/UOC/Software development/Semester 5/Software Architecture/PR2/UOC-Spring-2026/spring-2026/scala-course/Gemini/CourseService.scala. Using presentation compiler with project's scala-library version: 3.3.8[0m
2026.09.04 09:33:36 INFO  no build target found for /home/pablo/Documents/UOC/Software development/Semester 5/Software Architecture/PR2/UOC-Spring-2026/spring-2026/scala-course/Gemini/CourseService.scala. Using presentation compiler with project's scala-library version: 3.3.8[0m
2026.09.04 09:33:40 INFO  no build target found for /home/pablo/Documents/UOC/Software development/Semester 5/Software Architecture/PR2/UOC-Spring-2026/spring-2026/scala-course/Gemini/CourseService.scala. Using presentation compiler with project's scala-library version: 3.3.8[0m
2026.09.04 09:33:40 INFO  no build target found for /home/pablo/Documents/UOC/Software development/Semester 5/Software Architecture/PR2/UOC-Spring-2026/spring-2026/scala-course/Gemini/CourseService.scala. Using presentation compiler with project's scala-library version: 3.3.8[0m
2026.09.04 09:33:42 INFO  no build target found for /home/pablo/Documents/UOC/Software development/Semester 5/Software Architecture/PR2/UOC-Spring-2026/spring-2026/scala-course/Gemini/CourseService.scala. Using presentation compiler with project's scala-library version: 3.3.8[0m
2026.09.04 09:33:42 INFO  no build target found for /home/pablo/Documents/UOC/Software development/Semester 5/Software Architecture/PR2/UOC-Spring-2026/spring-2026/scala-course/Gemini/CourseService.scala. Using presentation compiler with project's scala-library version: 3.3.8[0m
2026.09.04 09:33:44 INFO  no build target found for /home/pablo/Documents/UOC/Software development/Semester 5/Software Architecture/PR2/UOC-Spring-2026/spring-2026/scala-course/Gemini/CourseService.scala. Using presentation compiler with project's scala-library version: 3.3.8[0m
2026.09.04 09:33:47 INFO  no build target found for /home/pablo/Documents/UOC/Software development/Semester 5/Software Architecture/PR2/UOC-Spring-2026/spring-2026/scala-course/Gemini/CourseService.scala. Using presentation compiler with project's scala-library version: 3.3.8[0m
2026.09.04 09:33:50 INFO  no build target found for /home/pablo/Documents/UOC/Software development/Semester 5/Software Architecture/PR2/UOC-Spring-2026/spring-2026/scala-course/Gemini/CourseService.scala. Using presentation compiler with project's scala-library version: 3.3.8[0m
2026.09.04 09:45:10 INFO  compiling course (8 scala sources)[0m
2026.09.04 09:45:12 INFO  time: compiled course in 2.35s[0m
2026.09.04 09:52:38 INFO  no build target found for /home/pablo/Documents/UOC/Software development/Semester 5/Software Architecture/PR2/UOC-Spring-2026/spring-2026/scala-course/Gemini/CourseService.scala. Using presentation compiler with project's scala-library version: 3.3.8[0m
2026.09.04 09:52:38 WARN  no build target for: /home/pablo/Documents/UOC/Software development/Semester 5/Software Architecture/PR2/UOC-Spring-2026/spring-2026/scala-course/Gemini/CourseService.scala[0m
2026.09.04 09:53:37 INFO  no build target found for /home/pablo/Documents/UOC/Software development/Semester 5/Software Architecture/PR2/UOC-Spring-2026/spring-2026/scala-course/Gemini/CourseService.scala. Using presentation compiler with project's scala-library version: 3.3.8[0m
2026.09.04 09:53:39 INFO  no build target found for /home/pablo/Documents/UOC/Software development/Semester 5/Software Architecture/PR2/UOC-Spring-2026/spring-2026/scala-course/Gemini/CourseService.scala. Using presentation compiler with project's scala-library version: 3.3.8[0m
2026.09.04 09:53:41 INFO  no build target found for /home/pablo/Documents/UOC/Software development/Semester 5/Software Architecture/PR2/UOC-Spring-2026/spring-2026/scala-course/Gemini/CourseService.scala. Using presentation compiler with project's scala-library version: 3.3.8[0m
2026.09.04 09:53:43 INFO  no build target found for /home/pablo/Documents/UOC/Software development/Semester 5/Software Architecture/PR2/UOC-Spring-2026/spring-2026/scala-course/Gemini/CourseService.scala. Using presentation compiler with project's scala-library version: 3.3.8[0m
2026.09.04 09:53:43 INFO  no build target found for /home/pablo/Documents/UOC/Software development/Semester 5/Software Architecture/PR2/UOC-Spring-2026/spring-2026/scala-course/Gemini/CourseService.scala. Using presentation compiler with project's scala-library version: 3.3.8[0m
2026.09.04 09:53:45 INFO  no build target found for /home/pablo/Documents/UOC/Software development/Semester 5/Software Architecture/PR2/UOC-Spring-2026/spring-2026/scala-course/Gemini/CourseService.scala. Using presentation compiler with project's scala-library version: 3.3.8[0m
2026.09.04 09:53:47 INFO  no build target found for /home/pablo/Documents/UOC/Software development/Semester 5/Software Architecture/PR2/UOC-Spring-2026/spring-2026/scala-course/Gemini/CourseService.scala. Using presentation compiler with project's scala-library version: 3.3.8[0m
2026.09.04 09:54:19 INFO  no build target found for /home/pablo/Documents/UOC/Software development/Semester 5/Software Architecture/PR2/UOC-Spring-2026/spring-2026/scala-course/Gemini/CourseService.scala. Using presentation compiler with project's scala-library version: 3.3.8[0m
2026.09.04 09:54:20 INFO  no build target found for /home/pablo/Documents/UOC/Software development/Semester 5/Software Architecture/PR2/UOC-Spring-2026/spring-2026/scala-course/Gemini/CourseService.scala. Using presentation compiler with project's scala-library version: 3.3.8[0m
2026.09.04 09:54:26 INFO  no build target found for /home/pablo/Documents/UOC/Software development/Semester 5/Software Architecture/PR2/UOC-Spring-2026/spring-2026/scala-course/Gemini/CourseService.scala. Using presentation compiler with project's scala-library version: 3.3.8[0m
2026.09.04 09:54:27 INFO  no build target found for /home/pablo/Documents/UOC/Software development/Semester 5/Software Architecture/PR2/UOC-Spring-2026/spring-2026/scala-course/Gemini/CourseService.scala. Using presentation compiler with project's scala-library version: 3.3.8[0m
Sep 04, 2026 9:54:27 AM org.eclipse.lsp4j.jsonrpc.RemoteEndpoint handleCancellation
WARNING: Unmatched cancel notification for request id 3846
Sep 04, 2026 9:54:35 AM org.eclipse.lsp4j.jsonrpc.RemoteEndpoint handleCancellation
WARNING: Unmatched cancel notification for request id 3852
2026.09.04 09:56:37 INFO  compiling course (8 scala sources)[0m
2026.09.04 09:56:39 INFO  time: compiled course in 2.68s[0m
2026.09.04 09:56:45 INFO  compiling course (8 scala sources)[0m
2026.09.04 09:56:45 INFO  time: compiled course in 0.92s[0m
Sep 04, 2026 9:57:21 AM org.eclipse.lsp4j.jsonrpc.RemoteEndpoint handleCancellation
WARNING: Unmatched cancel notification for request id 4014
Sep 04, 2026 9:57:21 AM org.eclipse.lsp4j.jsonrpc.RemoteEndpoint handleCancellation
WARNING: Unmatched cancel notification for request id 4013
2026.09.04 10:05:20 INFO  compiling course (9 scala sources)[0m
2026.09.04 10:05:23 INFO  time: compiled course in 2.82s[0m
2026.09.04 10:05:23 INFO  compiling course (10 scala sources)[0m
2026.09.04 10:05:25 INFO  time: compiled course in 1.05s[0m
2026.09.04 10:05:27 INFO  compiling course (10 scala sources)[0m
2026.09.04 10:05:27 INFO  time: compiled course in 0.97s[0m
2026.09.04 10:05:34 INFO  compiling course (10 scala sources)[0m
2026.09.04 10:05:34 INFO  time: compiled course in 0.64s[0m
Sep 04, 2026 10:07:13 AM org.eclipse.lsp4j.jsonrpc.RemoteEndpoint handleCancellation
WARNING: Unmatched cancel notification for request id 4103
2026.09.04 10:09:03 INFO  compiling course (10 scala sources)[0m
2026.09.04 10:09:06 INFO  time: compiled course in 2.8s[0m
